,P_LDPNT_D2,P_DSLPM_D2,P_CANCR_D2,P_RESP_D2,P_PTRAF_D2,P_PWDIS_D2,P_PNPL_D2,P_PRMP_D2,P_PTSDF_D2,P_OZONE_D2,P_PM25_D2
0,41.74983780223909,51.249279108766004,48.752456838026,48.551761998950994,45.2405235184237,,45.202287879391,54.903611754688704,41.468012123619204,53.9889282038347,52.6352289711602
1,26.177192469633898,35.00828713377,22.0817401369663,21.8927813835529,53.771666698522,,28.8414596250389,48.0775787316044,29.881874873744803,37.2724321058309,31.220940903535105
2,74.51369923322268,70.61699112952232,76.79427272922251,76.60487221484999,58.843011160631505,,75.15460499666358,63.542806212626495,72.2187451925018,71.9657344117286,73.8551564457086
3,75.0400899355465,65.95168138138682,69.2862601716871,69.1196638519217,69.6194937732947,,70.653594952167,61.7330656449628,70.6078996539446,66.381825646294,67.6053197013457
4,38.6408387057858,27.8561692779216,18.9883735009338,18.808369172042198,38.57642194875349,,24.710209014589,46.0672923019464,19.9994624046696,34.252965907498,27.831309125688495
5,67.8848210815122,66.9870245599124,69.41453273740622,69.2615965567279,73.52146754136079,,71.264143072525,61.85717535292051,76.44959666357009,66.4854647040065,67.7379069192
6,45.7766057816125,28.0798173944948,24.106956212266503,23.8998154436125,17.4250731367167,,27.2368153037983,48.0323014004898,21.174103018959695,39.0677265008437,33.1299320661535
7,45.2614379991586,17.1295461268943,11.4842060015193,11.4145620357004,14.008428146451699,,17.785013828675,41.30392329779821,11.110470560174301,25.5602760615656,18.8638940501741
8,25.7234615839541,33.758380748831804,31.6848541950272,31.357623346771003,14.326777013416299,,29.7813582048172,49.3910484469242,12.8740073182108,44.674691729098996,40.0973082812067
9,28.776614360455998,40.92581755769329,41.2773925140176,40.8495913840699,18.6263161038206,,35.1888629953879,51.8892601056017,13.9744516065762,50.2278175154292,47.489526316681605
10,62.9231204349936,52.7809625233508,54.2988934223333,54.3211927472728,45.4585732025214,53.69556042551871,48.722580938537796,56.4538587695911,42.86065566228879,56.7880589361833,56.233550168236704
11,62.9231204349936,4.8145164175552,2.94708705216769,2.97711460247253,11.0059012514253,,9.03192013278416,32.1392447999572,9.067229359941274,9.73848239754895,5.702272880904781
12,62.9231204349936,6.373267980353191,4.06004601539465,4.0541784298733194,16.181142896439198,49.110352204220504,8.72952748480058,30.732154415695096,8.05730284538776,12.6288639041885,7.749314792935211
13,37.608177646276395,39.4009090306412,31.7832242083664,26.7750430179597,27.9955801108629,7.755498075138671,30.290774137946496,48.1313967983329,28.454644328252495,44.7626895597341,40.3304338429437
14,66.2550862344189,68.0380705265426,72.4127180266779,74.3940823909189,71.42655270127759,93.4034845039826,73.87268432884491,63.705160063384895,67.7132213471307,68.6407497733768,70.1349174503384
15,70.3485356679381,72.07166759076209,76.4733893365703,78.76044100426438,75.25506274130291,74.73182798620061,78.7406707134947,65.2206240445862,75.0917690838004,71.7276088288004,73.63180862740249
16,65.16304396902389,61.6217188101862,62.171838336403205,62.8325663923049,62.60904079091271,66.0413552979741,64.7204061315964,59.7843993347134,69.0433984668357,61.4664318367096,62.012932261668
17,38.0023526395989,47.210935477001,38.754124340832206,38.355250169703694,47.98893863806621,10.960183420497199,36.503455520961694,44.39862950445,45.911367705993,48.9625138951959,45.933495042747296
18,37.6342757441871,23.3605122012532,5.96995577314273,6.019275990982409,40.1755258291078,,17.631321744122697,33.3148246970039,33.54425876264991,16.974240416031,11.4625983424441
19,49.156821630802,49.2358317405371,43.5822810807302,43.207920527051,54.060561474269505,,46.607961565513,54.75289177906011,52.5441471889066,51.450437566652695,49.296434824289705
20,28.6718418047116,11.188356949379301,1.64726899579365,1.7544788014113601,8.86098222900118,,9.72477728709544,31.7479047272299,16.3776319954303,5.8965559638866605,3.37929007096648
21,50.6648579310289,56.6878790685929,56.026162919338105,56.0139747070357,52.7930323246544,,55.8375844083965,57.666295073278704,56.910123676131896,57.70868663661761,57.4297467181242
22,41.034079038074005,28.2849322821455,10.7877142100492,10.7113221855204,16.1569432598226,,25.280891730965,43.558627502354,36.35382146716991,24.730645522392397,18.3719421294875
23,36.2155298395254,45.995760527694905,39.7915601675454,32.8308318174413,56.8578203671499,,45.593904157953304,51.681654837079705,52.920183446281904,45.721003908390706,41.8406830043209
24,31.2721020686531,33.824768366269005,19.9564110894562,12.753605660418199,34.6001527253652,,32.8857300913776,47.607444999629,46.902581427659904,27.5246618286498,21.332049547069303
25,31.6413941477934,46.83427191277271,41.2181666679344,34.5583180791404,46.7703754435085,,46.4718795845481,53.168236407025205,53.3061893319295,46.8090391515983,43.180706355880204
26,40.8422751212423,27.448355316174695,12.1086306966642,6.830471670980951,27.839566018322696,,26.699306859323105,41.90829001693151,42.0042276443128,18.524152112965602,12.9662284517712
27,44.290033967281396,56.636908573270794,55.33706460269279,54.2872631275984,56.3902206804432,36.146039193922604,56.469584210406296,55.922528677711,57.5816925553339,56.7991050548044,56.3362432927531
28,44.7134014174822,52.642957497245206,47.013396683094705,42.093083546219795,53.793321198748394,55.845885928678705,50.4659839374661,44.0813290580898,55.10348417442079,50.9850759490259,48.893612381621296
29,80.5756618600612,72.5934601481997,85.9611568338446,90.1148116611296,59.3406328931066,,76.86974933393691,68.0198369567322,64.2939205431175,84.26630741006461,86.15520764608691
30,65.7103900361129,60.0341918104439,61.656531951779,62.6672977944009,,70.6732316188464,60.50043674361711,59.87477717643021,58.8310748953706,61.80744369931029,62.3180625311325
31,49.858018616041605,53.95181076948279,50.5227759252594,47.13226178303229,,14.5776622674649,50.7166623779563,52.47022615422811,55.5288429894273,53.4309978302661,51.973835022733496
32,65.7780741845094,58.758814506875,60.17083679815129,60.506421776016595,,,58.700259117047004,58.5537928941945,58.4232353347917,60.121357927377304,60.393571209809195
33,78.8550220632062,67.0312793130614,84.5041319359805,87.1277258827212,64.0941894428029,76.4809933502458,66.4647051227421,65.10459838753961,60.9377077736291,77.8432731188515,79.9914241591022
34,63.9471880175982,61.651216796111406,69.4020076404524,71.0121958493707,65.5692867309516,80.4341391350064,61.8370101929282,63.3681813231675,59.2137135697079,66.1315743841452,67.3110073607833
35,83.8584849709973,64.8642884571627,80.5444848636583,83.0031071587851,,,66.3586454356123,64.3826298698953,60.833744324160605,74.2159851592104,76.21085440639291
36,78.5089340179685,64.484483481669,79.44353057919508,81.898284036108,,,65.788645002524,62.776912431061895,60.9839481668106,73.3002170316757,75.29217748002301
37,75.3459183890047,63.832392782382,77.4767662774622,79.81246104009041,,82.6952563214438,65.4997248581368,65.4778286863002,60.47676596453421,71.78777123421368,73.64361682527502
38,75.4006775676675,61.3493410147505,66.980266135521,69.2245813175449,,89.57578408693199,62.91334043147779,60.524901385828294,59.96958650602429,65.9982033842129,67.06117651338839
39,82.4458302281263,65.0255205367094,76.6943292663937,80.54882838911409,,92.81015808166448,67.1968045411605,62.4439972091382,62.06616835760221,74.4702148595018,76.2960286992969
40,37.4989467747149,54.5634743959815,47.9090055959284,43.369294067664,,57.85816023232229,51.273953379418295,55.236808669980405,55.2588045320024,52.106858467401,50.3581429887191
41,89.46546189624348,69.0375844218074,85.39152360717668,89.58268512890079,,72.4886609058129,73.1208017437137,66.672105828223,65.0202870137144,82.8080746531843,84.58050915097668
42,83.53212460741501,64.8529407796874,75.5907524644903,79.32286825299498,,82.47092465233868,67.6779197415474,64.6848182597007,63.6303451705297,73.39621669445101,75.0590432371554
43,62.9231204349936,55.827092138668604,49.32085471934771,49.0880128529574,47.906100955382,29.522951030620895,54.9417766331217,49.727406181307295,57.467438761767205,54.6025973266899,53.5257278776896
44,47.190124201227796,57.2131987016252,54.828251098087705,54.842044161797396,56.6320630466079,21.6441053106196,56.7652296315254,53.5498806184116,57.7938052226085,57.1923072545545,56.82151043282929
45,76.16513574958891,64.16919267910322,77.6149182523479,77.3961828590986,66.6863416517209,75.3046255586706,66.0157273553546,68.8576686394694,60.01263925217461,71.8891590887347,73.5352350798858
46,84.8186480960903,66.0944351091489,82.7302668710271,85.31035849115251,84.23024838058898,84.4383810416124,66.8422623413874,80.465235316,60.31646079281649,76.1188089986107,78.07903247360758
47,68.458475906812,60.581333947063,66.29375588566829,67.523172366849,61.4373359150267,,61.11642057041799,63.6730650063359,58.9210780605187,64.0345852771069,64.8416327851182
48,66.9908412645006,58.8993021137195,60.6799929799946,61.5768219945251,57.83868774104079,72.3657997222891,58.997837064421994,60.955645300027506,58.3810584599039,60.4404933408396,60.7490340544725
49,84.99824895865981,65.5169718295378,81.39843410221438,86.430245388152,67.1167465198569,83.43791640076199,66.3061818749817,77.9519524524033,60.194759807046395,75.00931183025139,77.0194539765412
50,80.4403825832502,67.51190852944528,75.67621811887909,77.9204945820335,74.9783657838647,82.58399268452818,64.1005392653697,67.0961259900051,59.7048880280751,70.5441164934806,72.1007294031658
51,73.00771313635131,63.661908722277495,68.395619164188,69.8702827936286,64.8933320420667,79.1560483331846,61.634618385756596,65.4405283992004,59.085526014897795,65.4399034425126,66.407170827192
52,38.3484135520338,53.6151648336204,51.042411201436,49.13865957316651,38.7031572682603,34.1191093923838,55.8513041558473,31.593518469734803,57.6258610998903,55.3867244796068,54.5345447036728
53,78.6862782849637,75.6957168805536,88.82143679047769,91.2300846103332,80.4170435225418,85.6460183685716,69.4320209912045,87.6510215613043,60.9728938361534,81.83029720969891,83.7466564819229
54,97.7306629834507,80.852809623328,94.8788261731448,96.3503493059391,83.7961004215047,89.5432605421692,72.6821191982317,86.0087842845294,62.0361146628831,89.30587611190133,90.7460068512165
55,50.16771913385921,56.203950821609105,56.0312686272632,55.2406960805178,45.424393156709606,,57.1035345255861,57.8449615308988,57.8825663760882,57.3906264431895,57.0603233752777
56,84.7351022331388,71.40173115113991,93.8533099656318,95.58062458383881,,,70.73605336896702,74.1404866165133,65.2170544042755,87.92137188725538,89.9390833593568
57,86.41389989462782,68.907706394935,87.69061836763109,90.14553432184641,68.934725447954,87.6655288413022,69.0662915405268,76.22096560694091,74.16843797631219,80.7772314208326,83.17836920949559
58,85.6969158862566,76.09753063702948,97.1498055466732,98.1099115595474,70.1219076421836,87.6597488826724,75.1514396046279,88.34321380951619,80.17401650495101,93.1512070989648,94.4330609846666
59,90.3395777578599,71.0899262663155,91.66500117094088,93.7131976574352,72.9911596267258,85.58259523479249,71.4185214035834,91.3765254953442,79.8223717226783,85.12180554817436,87.4242875581357
60,43.7999234806184,54.7299740710097,44.6540974342667,41.0446387559207,,54.121421285162604,52.346321314174396,55.1462021810493,54.300126089488,52.4277428186409,50.4761536581573
61,73.5084151717097,60.5032389020249,66.0747927522971,67.2657604815066,,,60.7502966270798,60.267883015378196,60.1142381845836,63.899236219557,64.7402033851864
62,73.39829105169741,65.1375162384881,80.2983395595765,82.7590389543686,,,66.342201737681,64.9419802206014,63.943077245546895,74.1257401559087,76.13405492420499
63,72.22690911750637,67.1252698259323,70.6309747388492,73.5599477624525,60.406408995157896,,64.1547813964651,60.394572168776904,59.7904536080869,69.10272388982321,70.4470602130939
64,30.4431601896104,48.731531880515,50.010071021839295,46.3859577087204,35.376134551659604,16.557251174809803,54.7110944585482,56.979507740351494,57.222208527100896,53.402348859090004,51.946186241819895
65,65.55217988260472,60.2938795726394,61.3225170698005,62.2493358303854,59.59595185032129,,59.624562737353706,58.62862699341579,58.556759515585206,61.3835819165266,61.8606156242995
66,83.3776240263127,71.4044243991133,79.85220733149718,84.0144739060658,73.3200594028915,90.89022710640292,67.5008352177878,61.79326388356101,60.669349415935294,77.4890491955424,79.3990324873734
67,50.643758670950206,57.814694813984005,57.36206177918779,57.11373724299,57.098032369661205,,57.7889886928221,58.07192712121861,58.0671971725107,58.359150421524895,58.232072621204395
68,73.46719007895959,61.4213099419737,66.076903083118,68.08677825455,57.3251760083996,,61.3912444616081,59.1613176886528,59.0577752549217,65.248846639714,66.205928267824
69,90.0897745789064,73.8129822814374,81.00749851881268,85.21151531493629,65.5608577763181,93.7772604513057,68.01707794701221,62.19227004009149,60.825728867413794,78.59148488423091,80.5198104749207
70,83.08957944832498,76.7451793368857,85.5554083865894,89.7478208021821,64.1127388066332,94.9632781306708,69.8692630592359,63.12943186514529,61.367185896849605,83.0637203078863,84.997754982114
71,69.56844258949839,68.9671916879307,73.3076351827025,76.7746791520488,63.329663116628296,89.30319980531749,64.5108369359344,60.65588179014621,59.890256287979796,71.4086588194847,73.05729822448899
72,46.1241163173865,56.49385088714,54.2839872673455,52.7642624957034,,,56.08093973590489,57.382445714380204,57.5481573256973,56.20647868250871,55.5886218442552
73,68.9402675980905,67.3027946228149,79.6713719188412,83.82635263874958,70.96600328737182,92.1493980530566,67.56350711438249,62.0017712415594,60.7021977893399,77.3412222529014,79.1574229807069
74,39.807313870756396,53.893824536967706,47.39211021329229,42.6210378916118,53.6900540158506,24.7843927860585,53.9093597688373,55.7981854447317,56.8154183048046,51.7129875105535,49.8045358181945
75,63.133071623935,58.22698979890411,58.2783310197793,58.3165377025982,,,58.257585610654004,58.1897261660598,58.1991885023791,59.04114283264789,59.06471179221501
76,65.08423445690228,58.6470611791216,59.3100410269104,59.7128379987716,57.533677056033895,81.320141190938,58.61030869318971,58.3992240237909,58.3348281271999,59.82370335153,59.985643022180206
77,31.6822049317912,49.31071647301471,41.7741772548928,35.2078133946831,53.838350290128204,32.6199443536285,53.069884874786204,55.9599100583562,56.0693430540552,48.0760442734313,44.8629367757009
78,30.869627181449104,48.8897509003242,40.90026127462609,34.1675763949589,53.144325737418,,52.8030307109,56.295952564446495,56.359765867935295,47.4732445461812,44.1165592092033
79,84.4022031689516,73.38992406055938,84.5644306301074,88.8533572971632,58.347320155449296,69.04997360210521,67.536272182522,62.7351376704084,61.77113601588061,82.09506921299558,84.07671554805651
80,76.43710368464009,64.5769212764136,68.9250222660176,71.5725935586222,59.5380669406252,67.23396672730479,61.746230541840106,60.0188752238677,59.642032908846,67.6188749767536,68.8805684868144
81,72.71100343866509,61.5065353564481,66.0464737102154,68.0501748987734,,69.4800181199368,60.774528963721295,59.816392262673396,59.527123659931405,65.24973118491512,66.1483816730878
82,36.5870321750714,55.1171164246984,49.565417427750305,45.7108256236417,,,48.6486660011183,55.2891231526273,55.3756231375884,53.117328118644295,51.78382212589089
83,44.17384337937751,54.9462406028046,49.240958789571295,45.246301322833204,,19.368608272600092,54.5275626930693,54.8874384701962,55.955199620877295,52.8966047921459,51.45042175459329
84,36.6783075333203,48.73264070357121,30.774952226783896,23.0392916190766,,16.4243606364497,48.0653619585094,48.205269359801996,51.723574102772595,39.75934225528879,35.0546664591339
85,28.1539208049338,51.055756711599706,38.5691374727026,31.426632871902495,53.86205547219421,36.39705324479849,48.954245686407205,43.509729009089696,50.250317482754404,45.787431919822104,42.3597126115432
86,35.1568465929806,53.0267364921335,44.2890129461113,38.47892586051431,,27.249187209468797,51.7511120684079,44.6114778060289,53.701158493243106,49.71479432046829,47.4094218040541
87,9.094125893924481,32.1602514860691,7.35556264927248,3.83871615301996,47.1899649933496,33.1644029462547,31.2617132538211,29.372686673241,32.6317548629193,13.6226416015101,9.38247667218209
88,28.99037389739989,42.9204539577079,21.746154244482092,14.3281581804229,49.9739681133642,50.4799331002771,41.6356175435971,42.063765244893,39.0094826462892,31.101782154573698,25.728238266576895
89,41.330218946902,56.1937247718555,53.3673747397699,51.378845555445004,53.6635930610285,30.969498452420495,55.878900350306395,56.148841861312505,55.9626657145837,55.58758816963179,54.906440308501
90,40.4309275026692,56.0994537758359,53.099715158692,50.963834761950395,54.232697521523704,20.710699342669198,55.797734247562,55.981259001192996,56.2034187319297,55.414251104611104,54.683410901664
91,41.4920670300222,53.0638959362397,44.75312719275129,39.0529977330102,50.261182570912396,23.870884129610495,53.006866958740396,54.7862642118801,54.594141103537204,49.9579738716137,47.839280387847396
92,89.1541916390835,68.54947880514611,82.9315714560775,87.255338398422,65.2986804099407,88.1050409939338,68.9100117792338,64.8283443842394,63.3434572425837,80.5644460581564,82.05230193308348
93,41.089885116115695,56.1698998624855,53.3181709834116,51.29761397710939,55.4728687617618,,56.2847744594306,57.1058822751832,56.9945688847932,55.5523381287475,54.86475785987471
94,50.136332578311794,57.3029972109152,56.1399585912362,55.406761006665604,56.3215109069976,30.0893896965303,57.26828612346579,57.5775796492419,57.5617959796027,57.47933085584821,57.2075534901892
95,35.559892183631604,55.7341988636804,52.179540190255096,49.5850448458257,56.1547973143456,19.781751319122897,55.6307736127286,56.3259419330827,56.3645948971027,54.8063332307854,53.9048796675467
96,37.367740771812095,56.075963617006394,53.319781627405604,52.9125646069687,57.2156540072546,36.58356333819351,56.3224116200929,56.855412970678394,57.0134834969544,55.5526394879958,54.9035854566916
97,31.2689144216218,52.2288814443309,43.129700788961,41.522291192452606,56.648277910413796,30.0759079622945,52.8281312972301,54.23088195736361,54.7835335544147,48.901199999815205,46.5866670303647
98,23.917516255185905,42.260228027617,18.9171079156933,11.958953608224402,,14.1506620999508,41.670467647147795,25.9627884524084,44.8421633340949,28.1343912684097,23.0441827413586
99,28.3360059957031,42.02955777151809,21.1800621175664,19.2782119821212,47.019018309744304,,38.5163649914628,42.0487129414768,36.38980931925929,30.466211469309496,25.4176190422435
100,30.238681900392,44.5218785925947,26.0773536853938,24.1400013954037,,37.947882925920204,43.31200373913191,33.0706474589755,45.1671798617826,35.39328729033209,30.6306661875137
101,80.08181405846359,63.9218760530027,68.11771036300938,70.59555581462982,68.3625708965178,65.6094778228328,64.3009223305473,62.2937144069835,68.7036960810008,66.9854668231325,67.9083097620743
102,44.16792233111429,57.012931599351994,56.432516539473895,55.84875214495301,55.4296405794917,53.560777992314904,57.00783011836351,57.0402507690458,52.9010850017604,57.69117028532829,57.4729092995195
103,78.3151484919457,68.6387925663856,76.8497532106517,80.71768686644819,68.0866560299969,65.3872135010766,68.5524983851257,65.4816455704654,73.0753521650309,74.7411898406601,76.110661137452
104,19.135799988831,37.660636700710896,21.8203978290665,14.4066080976186,45.9172552073168,44.520994780523694,40.102349261107605,41.015284846779,25.585262634647197,31.1454575427558,25.982077315990896
105,38.743161077981,54.6559024347904,53.7202322967535,51.9195478599448,37.1267757063254,50.128006656931,55.09474680220261,55.8663854212439,43.17773020520121,55.8077831873244,55.2051139870739
106,30.2305890084553,39.1624343309301,21.418134080060803,14.053882855511699,23.1159790143943,41.7204894428527,39.0222792687199,42.099973208034,21.1583891629366,30.687719818047295,25.375316202819
107,48.679364785845,32.289448731559894,11.9182472717793,6.7062667206637405,29.7286913562545,38.296386005268005,32.9037679176874,34.1939518958333,27.438206855622695,19.8282541862202,14.835871149735999
108,32.94022983166789,23.7411476507654,4.95921675934374,2.5437376504527203,34.0220061738664,56.142501309762004,27.048463655040603,29.805777727311398,16.002449049459,9.65389222071887,6.3466542936579
109,62.9231204349936,66.3027490290596,70.9418162250325,73.92794836073529,74.2061474121552,75.6012758489087,66.3442754154838,64.5650083388249,68.1532788245285,69.376371419048,70.51960811156529
110,62.9231204349936,65.5536501840694,69.6989347234769,72.49084935160148,66.0882696000137,75.1657651014748,65.8691800389567,64.9008706709103,65.8672828768034,68.3191067533296,69.3888325619586
111,71.9887623735412,70.9223095366603,78.85544521981939,82.9018249986673,81.85076571934891,78.08246216064099,70.4990385811444,67.401256002439,73.3006705808184,76.62151497988148,78.06051376177318
112,62.9231204349936,28.9772284115588,13.9115897908341,8.09447599261653,21.5269000886903,21.807557680589095,33.3289297912266,30.4667858489763,30.589403862507496,22.344782493078895,17.2151086161514
113,78.70152722498419,74.98043607172437,84.14520130908188,88.4649823419852,79.8699123804582,70.58831215292902,73.1974939826303,69.4084230743671,81.8542366569763,81.77859022550018,83.24801016937398
114,80.59172844252019,73.6919684366825,82.10606412341718,86.3863555679693,75.05748264832819,65.5139972041757,71.75341853956121,67.3093020192579,79.2096279793365,79.75183425546419,81.1946003380004
115,88.6234554202349,70.6142237974129,77.05346629230499,80.94575228774018,74.3689168229478,71.1263343134691,69.29689932854,65.7972143952555,74.7433857253934,74.9283996624367,76.30138619704509
116,72.54978337322702,61.9023486027801,67.1015403418074,69.3580254437544,,,61.2190127463261,60.3234077049148,59.32877250633221,66.1214236621385,67.2158296150527
117,73.7820269278007,63.2144847473492,70.34028108893129,73.2411878101597,59.7794161249666,80.33370549665909,62.19308128040811,60.4836723298598,59.6566117600969,68.8251369875434,70.22823774415879
118,66.4758429858482,62.224567339118394,66.5590728227088,68.7023192557063,60.7411846350215,62.7760060021622,61.422400540763505,60.81617263330521,59.609718045608204,65.77165935964021,66.7598891944209
119,47.277637855506,56.519189186021,55.06228257887611,53.88952186449221,54.0451668831995,58.224038096714295,56.854617278372494,56.26644640359,57.239776559601005,56.6944667369505,56.1955020129325
120,72.5976611853263,63.887274798136396,69.17628730218182,71.8665502641275,62.299691060405905,61.9567946800334,62.3831108948562,60.951956458302405,60.01799630397571,67.96649566007179,69.1825735492591
121,69.429187899787,65.5781570943129,72.46005230187559,75.79734019354461,61.54879977982839,63.3943446072086,64.2819772320909,66.7170843936441,61.0911166404986,70.8350568348816,72.28601852479478
122,49.7312620879304,56.04393366091829,54.480988265301505,53.045932514931295,52.579777322424896,47.93345080127911,56.5720193818939,56.640986698457496,57.0238774944565,56.300177535631796,55.721783876972
123,71.6452543834704,66.655411772204,71.65420561844641,74.7950306129827,67.7541410719751,66.5623154957662,63.04906602765121,61.6254938375887,60.124273968116505,70.0320724060364,71.4752458816306
124,65.88222481983071,63.678259670353896,66.7607334994088,68.9439545736809,61.18136150325971,68.939457565141,61.3723746643009,60.7053939725338,59.5333001833488,65.8975552860361,66.9054720647991
125,70.51055782780409,60.585825640790794,63.877953001664295,65.4223749242943,60.73033845308989,81.83517136607139,60.247938271300605,59.87554055326321,59.082874316937,63.4900970142079,64.1652245112603
126,68.942862896405,60.896404936204604,64.60063948023789,66.2985585498436,57.7566232401829,69.2525700153763,60.67722646490171,63.6008109622816,59.407414038967,64.08581045855678,64.7754320332845
127,86.4931831637776,75.05312053584959,93.27115225175609,96.07917271007501,66.9684531092156,76.5751061647468,72.49673356113868,69.7675510226716,63.77532244272221,91.56022187270821,92.63018982287309
128,41.319753611469004,55.0829413822688,49.61367790708471,45.7871112474977,56.863526003573206,8.67655481623859,55.785149809746294,41.95528433619449,53.586471184558,53.109733369521706,51.771888981745604
129,35.698186555042604,48.99911371898111,31.269310788423,23.5019577190251,56.0331656312558,7.737081002472871,51.356573373583096,23.0928006912536,46.93958081502561,40.08337258625391,35.619145815627
130,33.6480688660533,51.083112050167294,37.214721542198795,29.8845353009308,,,52.7096524080048,44.434131404993,46.458403117733404,44.769078561822994,41.241618333516
131,35.7645854012314,53.431387091759994,44.412357849730206,38.6242435701029,56.78178922999141,21.2251755049823,54.291335366253,52.548148515158005,53.0204245191005,49.7474645153593,47.5325323276855
132,43.26485150085951,55.871237442415,52.342380779684895,49.828447817383,51.906754360843294,20.2422964642018,56.3885269437359,50.3900626969563,55.2866040700509,54.9205232726338,53.99750051027221
133,34.7504255597197,53.794712462776296,46.332897918813494,41.17568658044689,56.337284452617105,60.1279525704093,54.65833091277229,51.9418803657899,53.8353643475984,50.9920062816165,49.07720434221599
134,48.0027178044434,54.4568374467076,48.239459866283596,43.8464056595158,55.71243676426639,19.168406990040495,54.7902252962218,50.0491932957393,53.7226205402353,52.2368658392621,50.627143012663495
135,33.9382798001814,46.933583069025005,35.37721698491929,27.8278666989812,38.091542761866094,28.0887723303946,51.3558200572275,24.593196821028105,41.4116018072056,43.36067828501031,39.6420648313469
136,69.647714273856,62.677328115696405,67.0070873366142,69.2610663826023,61.445264369655,70.8212808909694,61.453666980307595,65.7564694616555,64.2631684073742,66.08264319145921,66.9264394755465
137,23.767595020492905,50.93040482910279,43.94191291550049,38.014495460586,45.8196818881149,49.2130263755938,53.924966313100995,46.2564939086157,36.7470504707508,49.4431601934643,47.187872219945795
138,29.1988370502702,45.080323895232894,31.4365930724107,23.6467919000552,42.9632510400703,50.5797424541289,50.340970615717296,39.2133249913887,37.0589389899784,40.1835103579669,35.8954196969019
139,33.0172406523699,47.874058005348104,38.2623053711807,31.039090524853897,34.915412683206604,14.107913346392401,52.629951476610096,38.52312776633791,27.3125517973589,45.4589264660274,42.15764317448449
140,72.1889914829278,63.6395868367368,68.5482693740038,71.1322139789478,65.2893796371162,76.28758484517061,61.8095246637208,67.1386607739991,70.6365070788172,67.36486447501001,68.3575768735896
141,31.3728013504892,54.706970794341494,52.095453781262705,49.4525686913521,31.565518102730397,47.6368834769544,56.208226725553395,51.049485836131204,36.2274301648758,54.7317418561763,53.824817010370396
142,80.58377517781571,65.1804225384124,71.51226681618041,74.6314452188439,71.11330747073002,69.1625515460306,62.9349488126872,71.58579818129859,69.1944257443203,69.89704455031901,71.0600419764289
143,82.94054627941262,69.5383669621704,77.89440172250798,81.92074921195291,73.9030798635322,68.5373462648993,65.2730647404954,79.4748453340307,70.007127573884,75.7454320208519,77.208527761076
144,37.6536997823419,55.08034112055671,53.5847915573475,51.7242437850384,39.164925636724206,26.402681915311895,56.62753279150121,40.612904162227395,50.415371809545896,55.7267594049734,55.1002846843466
145,41.9822461108496,53.574866722105796,46.2504556898438,41.096012903078496,51.5636219936197,59.516802531056996,54.6976006145452,54.433421623067105,52.76392959833979,50.9370882092131,49.1984229994551
146,44.13597970554151,46.52079876295961,27.544443050328002,19.773697964068898,45.2983126553914,,49.8745342616296,44.07561592636009,38.8992451172586,36.7703105506744,32.1471453002655
147,25.476457656630295,49.0069364549726,33.6828002961963,26.019656777343997,51.6771495857157,59.186956354802,50.994347712818396,50.2760113323901,48.182498231291895,41.9954129959991,38.169590369659694
148,39.220955406226494,54.300185474055205,48.66893474893379,44.439897941328404,53.964522109629094,,54.898636696167,56.1291211915049,55.56991900419371,52.5132197109548,51.0901139089282
149,33.1696840182688,52.4603541261335,43.746060069216206,37.77893016379649,53.794756835127004,59.077717902230205,53.7099397657266,54.693405090593004,53.9250839902007,49.318429708852904,47.0589568102994
150,16.7468408469846,48.501862827307605,33.197183662606605,25.5176736471555,47.7089885896849,54.661155807750205,50.6472578879188,53.309041019987106,51.81217276429871,41.620059510824596,37.63198686341549
151,24.5732133593555,45.6831971188771,26.6250741660706,18.905982185753,50.9748287601914,54.450291365180206,48.5725627574259,52.0391642679694,50.481133187301104,35.90713519270109,31.098634934687
152,45.0654413021414,55.880866855731604,53.214556240064894,51.13207526173839,56.1580357689249,55.329901418858995,56.4658161043135,57.0300866382098,56.356672118693396,55.48589058477221,54.7955779300398
153,42.334174415668095,56.6335095443309,54.9065699198987,53.662402464081,56.8391965487734,54.480162720909796,57.024498805153705,57.4065250098195,56.9139201344792,56.6067863876635,56.191032780869996
154,74.7964641945992,61.745264929977,65.2738197684493,67.107872858635,57.8491225138772,63.031374176709,60.780215877237,59.7362251958243,60.06632409379289,64.6631871847736,65.3251103721271
155,44.8436663084507,57.102281335604,56.25331097781011,55.5846065299312,56.2067624512525,56.8968482487208,57.4881426145965,57.7198878462854,57.423844579013206,57.5644933672178,57.3315191051858
156,66.1780205383854,61.988678267215995,65.6374195251545,67.5700307353129,59.714954078838204,61.3374690979741,60.9962082304449,59.7532706932238,59.9636486902987,64.9502572921241,65.6367998558486
157,84.1948024634707,64.6435835844128,70.9424293246108,73.92835750028479,58.0591781978914,63.6290755775177,62.864861124773206,60.924759939174,61.2626493050305,69.3752698455816,70.432301360935
158,38.72105577015909,51.4438155134894,40.416685765689,33.55736122002491,48.0360807749227,,52.7171154530817,54.7858852672301,53.6305263200961,47.0561329625279,44.4138668498666
159,38.6425325243498,52.589070282049704,43.5369842717093,37.5284260906096,48.5849507806609,59.3862645070376,53.84338803564491,54.8800028627851,53.3518422542015,49.208716650076504,47.0890167752401
160,39.2986040002251,52.0533255172029,41.109066649793,34.4171871902919,,60.0150137474292,51.7366277246722,52.7824887402984,52.4829511338649,47.5061373500644,44.849720994508
161,28.784021615612602,44.8395352095451,22.6062536858192,15.1108165292805,,19.6558004487168,45.0618103843772,42.9933972598832,46.9322705062879,31.9208393867038,27.041971434163095
162,19.164540029088,46.9479556962842,27.7348697671772,25.834531496878,55.1314348491014,29.70600285086291,47.656501716765604,53.5206101166173,36.41658390806149,36.97387686268271,32.851690358593395
163,66.12157607732121,59.2707581424449,60.9053438122041,61.0612070784374,57.8331138318916,68.23049751443871,59.190263206539605,58.6465453134482,60.454104281823994,61.0761930029015,61.3452519345179
164,70.7745441458963,59.724357624612,62.083916930098496,62.2763329431925,61.525354234128706,74.0395499778343,59.763382692494794,58.7683819632322,67.5658938864375,62.0254582030178,62.389389490591704
165,68.5404505061063,59.103425859287206,60.490816242395,60.6039366206253,60.8583484089736,68.530292802168,59.082353611014206,58.5172163517439,62.490877509657004,60.737083548065996,60.9757526317785
166,66.65541214267071,59.1098562403438,60.4738031101892,61.1558329466147,57.3569187814587,60.2952993512841,59.363908876195204,58.965792919486,58.8320532005851,60.7289214250499,61.05063978490911
167,63.141259023387,58.2977340513356,58.4577530412643,58.5625455089625,57.359795145125105,60.2921217114664,58.3311530043076,58.2546491706956,58.234327920871706,59.1861050021874,59.230876383109106
168,66.2385440657539,59.422160202249096,61.217368205579604,62.1169328454288,57.638817693496705,,60.052155283213104,58.9063781786757,58.768992298863104,61.327476699512204,61.7599151292986
169,43.99789843333429,57.04495759209121,55.53103211442121,54.535928816669504,56.048056540502394,53.8763948343826,56.966811417832204,55.53340709268901,57.6690492051915,57.0390291819709,56.639096625674604
170,38.90409914518809,55.5092446712279,51.5081028609144,48.6336767976519,41.26873906780949,55.2896901528252,55.7720522875815,47.9652193564244,56.775735513731,54.38466994432879,53.27784346379371
171,48.4960421563515,57.18586500903971,55.879074812309895,55.0214180133504,,59.849896618804905,57.2034198233391,56.933310942572206,57.7760917704801,57.28780620211779,56.940758783460204
172,34.0816504446143,51.408992920833995,41.26001505859149,34.620052420166395,38.5823169033606,55.1469053625916,52.1813791769494,34.7134715969339,54.46807234624679,47.66611601531779,44.540399909241295
173,44.486334307799304,56.1399948711217,53.572258533696,51.696362235694,46.938029263443,22.101058439679697,56.4811366871278,53.05429540284779,56.95468640848579,55.72841440051621,55.005234675252105
174,74.79934880785571,62.1471186248143,68.7089596942514,71.3268342237428,61.108327320677994,88.2352680091195,61.7817696356633,61.386069108126705,60.2095743173596,67.46264500972201,68.5580592139485
175,35.3478862183904,54.548787444671795,49.0197033162056,44.9297209075294,49.4257697894512,12.742751858659698,55.2566476266136,55.5185438043034,56.2648108138499,52.7454260029681,51.29436354993171
176,30.00520596172189,54.480172425186396,49.41853328075089,45.506812851841495,54.2617013854632,49.8158888909245,50.094473065757505,46.1932363702892,40.537647827817004,52.9797405695584,51.625522639329795
177,66.5036946554616,59.9417787104113,62.28352947006721,63.4335786712321,57.9913501062732,66.4617898241926,61.7937757484582,64.46947099650022,65.90539501394568,62.1775981173703,62.6410024500848
178,50.44358138826549,55.8254257029178,52.8391295455476,50.5586265496294,50.1012526146949,44.55389824569849,53.01019880594811,23.619887090835,23.3328753885303,55.23650030475571,54.45880090897511
179,67.2119037934713,58.8755235450436,59.864964741667606,60.3538935153958,57.3024759627077,88.4541728914337,59.318173031200104,63.1407435001344,62.5650768842111,60.2369478015367,60.468348918686
180,23.831094010277695,44.683146952026995,24.070707118901602,16.5001196855131,41.2693980223619,24.741362492433495,38.693215075612,36.97962950261469,39.568250708756096,33.5960752955755,28.308191533756496
181,47.71436226624411,56.798626925232895,55.04394355404679,53.8597891263665,57.1704597795094,,54.905276306409206,57.0477750915761,56.4720822574389,56.713851391563395,56.281063856310205
182,20.0143235590145,41.3267636456462,14.516045915030501,8.54420572195074,56.795096230130504,29.194171170367,17.9840265348812,39.727652266682604,42.495839885879796,23.264525648312002,18.058952336416695
183,65.5451116350513,59.42676530872829,60.7853723281941,61.554119627495794,58.8454586152025,62.4887666760182,61.456615005058204,60.1880427616142,59.9461638853847,60.9625163879206,61.28632566009539
184,36.6290736908083,50.98914745150039,42.52481845232779,36.165322194575204,44.57021432959769,40.5784038013839,39.1625839064396,35.8813832761367,50.07722666367229,48.516369510377395,45.9638910914588
185,43.654472451397694,46.8523060646143,34.1962801867512,26.555325019070892,52.883728143784396,55.2955249686982,39.7998194247954,47.337785486854,34.690596510157,42.5082535771769,38.462336076187206
186,24.477785767693803,43.5983859963056,27.518454457364303,19.7469295060026,34.813047545772804,,38.14736923911231,45.3090039364575,37.895535368032206,36.8705738887409,31.886108663454298
187,28.918832622928505,48.2057281091782,39.8834937023683,32.9396620229887,41.93088243836831,52.8527332868534,42.2375481028772,47.328010361145495,32.0883964032488,46.723173158608894,43.677910980666894
188,77.8347780717517,65.2828525453289,71.25441835271971,74.31134687413501,62.98203738572129,63.531722105374,69.4399446842026,65.464939385532,71.4215038778476,69.6160534046785,70.7762105508769
189,71.9016682106857,59.719424474798004,60.8921864086738,61.680035829893,62.5362306083333,,60.9481529881072,59.810121536603695,66.1664756832377,61.0481572915949,61.379350795475105
190,82.9186366936062,75.11187047519901,91.15333893313881,90.84476692147601,71.2115890626666,,77.56434999947349,70.5571418015331,83.0491223053522,84.2841031077353,85.7696634436967
191,87.06080749501422,68.0940290488166,78.5954684380316,78.3011086904365,70.3788534630517,,71.1820312849021,66.4064577021768,77.81961754198748,72.6505131557372,74.03580922351091
192,68.8576387629,61.0535239742743,64.0284407473784,63.9756233314968,67.2021917025684,,62.6397683075706,61.23511408316179,64.49352285427382,62.513943872267895,63.02095042363499
193,85.6160226358547,69.1258588710319,80.6995518016477,80.30673911526068,73.4775956772658,63.5071415267414,72.88746024960558,69.0151986437306,72.76308409142739,74.3606255068366,75.77674175856009
194,63.079386477453795,58.4088633040833,58.681096284849794,58.8340580748591,57.564709329085595,,58.7103659336479,58.5872656269259,58.5796141765443,59.3448760601649,59.415232593237896
195,66.71557928524771,65.9275430625854,75.5961325581043,79.3268654427368,59.9676477178436,63.780062659031294,72.0677477915865,69.61965804120149,65.5642426999087,73.5290290016204,74.9461054483976
196,62.9231204349936,57.7721473495661,57.54490630483279,57.3363692178951,52.287506955733,,57.512374951237895,57.751516463017104,56.410315498950204,58.4935892005222,58.4102515868231
197,65.0897390623724,62.1201404141325,65.1076124666162,66.9255472268151,63.523675436838396,,64.5201761076209,62.5281802356604,64.4803232030199,64.5127605535552,65.2065682934794
198,41.001252309939,49.193981825515095,42.6480426262436,36.320486082174604,36.647062201310206,47.2851002971526,42.1860643717758,31.6145756587261,46.6686759370897,48.5828136439085,46.0413432086444
199,45.97417130338321,54.37466015236421,52.0835116014614,49.43490953328529,48.9006975566891,,51.6534358076086,52.788204920657606,49.838574456931894,54.7406043604085,53.8321841898549
200,43.540069884710206,54.090452675259705,51.6002434044959,48.7437478362592,42.5446036266027,,50.645942099415905,50.592355728531295,47.961715871374395,54.4294128015356,53.4644710297386
201,62.9231204349936,45.33991379319939,35.0976481503226,33.198556810543195,33.64945757906249,48.4547111271294,43.4912564482097,33.42358272612609,30.763538532338895,43.12576782081169,39.3579509590096
202,64.7379372756792,61.626069042847796,64.2214665064478,64.504443516174,61.774130100365895,65.7388307490517,62.66209464103311,62.4605863266978,62.9574172122855,63.774486202401704,64.3789310039024
203,51.3543399475932,57.4220851730068,57.0084255765937,56.9411681565225,53.8795452905589,51.42760829859161,57.1598674068097,56.459890787968995,53.947486234538296,58.09198738682571,57.942820449666904
204,63.956345186102105,58.90105818212871,59.167001633158904,59.503447877214406,60.2914680394108,65.5314953046756,59.1085559720546,59.3794218275326,60.2065860506993,59.72199987590321,59.8242189486802
205,75.59941955557191,66.34536387040771,70.7655395781616,73.7026597226153,69.72076500162622,74.6002843971769,67.96829956975121,69.7082688972456,70.74286766568102,69.2175978807475,70.324098198804
206,69.9111551921261,62.418474485995205,64.622033332404,66.3238636175689,63.5014227547876,75.9678006660785,63.901144870747004,63.9194756703542,65.3594808881446,64.098724570461,64.70341058337651
207,62.9231204349936,59.8688597989585,60.575812087509696,61.3027960557179,59.4094206210985,74.0788531524778,60.5885692696888,60.0777991353245,60.2434900159609,60.8040494795549,61.105669471849005
208,64.21006554913221,63.647739140428,69.9489043543164,70.38451907406602,63.6890924385678,72.67728867014358,67.3265676277091,64.76336833344982,63.8025805441671,68.5369408135366,69.5565861097948
209,51.390862224438294,58.1405067833554,58.118726657113896,58.1130886409523,57.1624909157897,55.5484173134483,58.126334792897204,58.1426705693433,58.134350554506995,58.9204391524782,58.9148863292913
210,30.003595065880898,48.6811839358338,39.5091935135406,32.5125486865012,54.683391253508205,35.1690847354131,37.4438912692622,45.34741453443029,50.2902847109626,46.3763223055515,43.339758000400494
211,45.170224832952,55.2110712674297,52.9219425000704,50.6880567180828,52.878517916457206,36.46999524369569,51.0669730799489,54.1690645916247,54.487891791651,55.2779626247129,54.5434828577574
212,46.6086532995522,56.315396227644904,54.9700966092194,53.75152446021129,48.166369549012,55.6521972436339,50.7854537885962,55.55105073120129,55.1736057021225,56.6506313679329,56.229639008856296
213,37.788889429444794,37.0143696852349,17.7522726794977,10.9894514098691,35.64133750897761,44.54648753083751,18.1054250966024,7.335297439326191,31.4105796626985,26.690415098274396,21.540056877465602
214,62.9231204349936,57.249313041129504,56.4784413868495,55.9184964139848,53.81484747170071,42.5890691103474,48.953394204180896,57.09767566936521,55.561779773088205,57.7213080704041,57.5114200350691
215,68.4327787036838,61.8359149495216,65.5720315862439,67.48286815787462,62.7979093837963,66.0017080188047,72.6339066466105,62.5565907190657,64.9901010084738,64.9004741084768,65.61558472283849
216,79.26362591520702,65.5725526141799,73.13543255356629,76.60371613648061,61.5879125984191,70.7471293125268,85.81799952454791,66.55040819594538,75.8743156992818,71.32808676596579,72.59891251538849
217,78.8581761753127,65.6724921136599,73.33892155357358,76.81444221146998,73.513318904912,72.42476491166418,83.6565672257168,68.0697204621959,72.92189573954091,71.5037302213654,72.788518639254
218,25.0773886983316,24.003623781306402,3.3892111150776802,3.42654982450063,,11.396693839182,22.944163539316396,21.718110531855892,40.619464508102006,11.1507476377256,6.80407701734136
219,20.3403113800688,39.49659280808591,17.4180428620629,17.3065514202058,,16.6697026297198,38.079766793987005,45.904195195309896,49.451115289589794,32.8039087956326,26.50382070665
220,45.6747358260388,45.788992618704796,29.229794645634602,28.934802591463104,55.7644741284468,28.4234831200386,39.43770290496769,26.5030885269395,49.07771152380921,43.151567830945694,38.3765156591335
221,73.3884073947777,61.5455972079976,65.6201063979289,65.547213705553,,,64.3357187782183,63.3360420609904,61.0652484092541,63.8140851796814,64.6167530572996
222,24.9374349578702,48.3482443408828,30.1096522955587,29.837985159057304,51.8142554053309,39.5969936652986,44.3800831667354,49.3148256969544,52.946023325271796,43.86444615457889,39.37710246325751
223,15.3597363632987,34.1300349449992,6.9149919142348395,6.9494949999991595,51.84956849660911,15.6186623307864,29.548176458896197,32.820433629625,45.6334881734301,18.9587366422552,13.1951356041123
224,43.5600719430229,38.3835835408159,11.340401071695599,11.255643637257302,55.0814771213064,,35.04370432973861,40.4727982951527,49.825173596129396,25.722432760481105,19.438248502777
225,36.175724188682096,50.999020153461196,37.567180325314396,37.162087354982795,,20.506737845435897,48.47670469927521,46.207574684670604,54.7091756511252,48.42402925419479,45.23253002067511
226,25.5764188652585,49.65401656670671,33.0346049590732,32.7016275598718,,40.4529393923168,48.5886720206983,47.7073467599815,52.1490633991228,45.8168259180289,41.89510656231991
227,35.858346002269,43.97352641508739,19.684166828389095,19.480077838341998,,13.1963265069207,43.5275366638704,32.389347659193,50.5625471436259,35.333511195231,29.396787019928897
228,73.6400324347353,64.4214284308603,71.98820769575941,71.7735576005453,,84.0339689107137,65.1505342226316,64.0332776570253,78.6193648301111,68.176720089218,69.6771496517132
229,46.3684094033368,35.1368133538149,11.382598846796599,11.304368133278999,,16.9223873330037,32.7279022360118,43.2879674293689,41.6837554037949,25.9156499246402,19.289487098433895
230,13.093039459918002,36.7137204079036,13.290703451584498,13.2132221158707,,46.40204557129021,37.3881306158004,43.49417703529449,27.3244746825677,28.445403933983897,21.723854394831495
231,43.08749442962031,56.126767041931295,53.90518959220329,53.9046688691403,,47.43413337272899,55.9603460123782,56.2289571014596,34.2674945955877,56.6121789199745,56.0241113814109
232,26.895509948559198,43.21592923556501,23.8585832012636,23.644333099409398,,41.197303219735296,44.2486750396951,48.5177977863669,33.332007382732,39.225227633429,33.3950953404084
233,64.884067539558,59.0644935787575,60.126614666412,60.10358242681,,63.325838791164294,59.1896635411121,58.7806094065306,60.26768089124079,60.1351327113735,60.4108389087145
234,33.2547877309075,51.3197108663852,40.09519598066431,39.66392661560849,,13.2203576063895,49.997096180377596,42.450486948752996,53.6923232600171,49.782943986124,47.02830063771
235,27.174702525858496,42.135201139725,18.729992119490603,18.5416449412905,,59.67289677658071,39.6808335484802,43.9748538427557,47.1311036482151,34.407572193065,28.2154947311381
236,28.1593184035076,37.70322837171191,12.007899137162198,11.9448206111335,,59.32131715795429,34.845175745901,36.2041066246957,47.7940372842879,26.7445366769444,20.283765821007897
237,47.1186359729101,46.9879870439346,33.9547530986871,33.5788889114325,29.396096216413692,20.7709407563398,41.6457719188186,44.9508521593269,52.85266087525021,46.326830559860404,42.29334071742031
238,77.0713917879713,72.28694115123609,86.78567485365983,86.4059866445205,80.27099774828771,89.2805337898109,76.2983617744148,72.0927678940971,63.832007135793,80.54105320152449,82.75519540631278
239,34.7827617633641,39.90581711227391,20.243476141074396,20.0103476940756,51.1326876709326,37.575288449472396,36.8216351920769,43.60965668279321,50.6241492761203,35.7864699575384,29.583927702701
240,43.810479970074205,45.2684152849963,30.261423251678,29.9861470287483,57.005978550517,,42.399888539665696,49.220901689374294,52.939104155702104,43.97054073209271,39.3139742115792
241,42.091124865701,33.2359772259268,12.430962236008,12.3380098156602,37.9889809880666,8.76646946485123,24.120305603647495,29.148222483446396,42.1435804998949,27.041125333968896,20.2539951237407
242,9.73467069962956,4.74179902714725,0.3247638160397,0.318359044314036,56.3292576798059,5.00315694367593,6.62926532766021,14.8415745217885,26.135509777592002,1.23063366489806,0.702946490134098
243,20.4948820796502,11.319811779344098,1.4317704390547499,1.55166753405572,13.184665910567,7.259704657760331,10.8443456284704,10.993984255206499,34.3588672051185,5.28487544002209,2.91359081936706
244,62.9231204349936,47.123685096142204,38.3401613957963,37.945184416069694,56.3941269986659,,44.616290982322795,51.1999622262607,53.4487661132341,48.799678517890904,45.5044710876542
245,35.655078323835,44.35862459539351,37.1992282018367,36.831845276227,12.437270175480599,12.173229399621501,39.86360742465921,19.0319136696896,52.090218447170706,48.197230376430596,44.6875562345426
246,82.30136238192739,67.5390117380521,72.9369422510654,72.7415058612823,71.3669671097456,87.03241822338941,70.2083313301297,71.2875663028906,61.593473776826,68.9653577095678,70.5536679074348
247,37.6903705274448,47.61104377398371,42.7369094436832,42.292335421444,35.764446192082794,21.987680758753495,44.3896836059722,40.6862432135297,53.423042996755,51.0673185001066,48.6361861650229
248,67.5608779762802,69.8482859026929,76.8731055668908,76.6780700850865,57.53209028329,81.5171163235557,71.1850387579283,72.2577130799517,62.7037163604844,71.9449654268238,73.88252867060419
249,46.5924787956079,16.7981674816404,4.4103819678969005,4.4168342998086505,52.53399573103721,22.651724061374804,19.150654131328,32.8724670286296,27.612971067451,13.6613625444367,8.540208267082232
250,40.5532741881727,21.4772870614998,7.12670852156128,7.169741343775559,47.230016130132,13.3046949508165,20.289610232166496,35.9540501046287,21.418127520648802,19.147993970694397,13.0714037595614
251,63.033222604873295,58.22685382555161,58.233755235374204,58.2318702056913,57.441384918705396,63.8276483706744,58.249237853289,58.2220486508714,58.2283666306987,58.994170165035705,59.0036294969973
252,46.831376721888105,46.6583416016158,40.8136724681506,40.38890573904949,53.697025061378,45.238410553902504,43.1847411385196,42.21875208240449,49.923808346051395,50.0408740183381,47.218995933426704
253,50.6884354220484,50.7631277279559,47.672321415274105,47.4369417861341,38.3854310831204,19.8946239507186,46.5071973478679,53.3265416777746,44.596969073257,53.507235209247,51.869219027787
254,74.4076569232813,79.52263140021958,85.61915488933418,85.2235937729631,76.59653480078198,82.8630201987135,81.0977765546134,67.1467929932567,76.13039112861982,79.60752627112419,81.94422588750791
255,46.453927424728,56.2461068291107,53.6979152891806,53.34929546672621,,34.9558115611622,56.301107187247105,56.582660623250504,56.662310947395106,55.812916835919,55.29268241178411
256,34.2155175962293,51.206226469807504,40.1843243791273,38.4028731596209,,27.5810177671594,51.88082820606179,52.1466537623463,52.6399720169954,46.951890566238,44.37998129669009
257,76.7949515134071,62.53919199420611,68.7636807370683,69.1744108089425,,66.1723784232354,62.8035897685823,61.74213745184,60.9582061488284,67.4865900482687,68.3063278190306
258,44.519954899062604,57.3938804582954,56.3966192695368,56.288070461757094,,,57.381529601208,57.51925113513129,57.5304399103505,57.676073179115896,57.4851664358607
259,62.9382300526448,58.508408907663096,58.465102004632904,58.4723991395936,57.9152674236596,72.49163271762701,58.5964154787189,58.2801244335944,59.2473917800692,59.1388120628638,59.182759356458206
260,35.274707220138204,47.133589504893706,43.6937109382437,43.335861086086496,46.6004711235504,22.422138337790095,40.076012760368094,52.2731380478409,42.5476428084924,51.4864825510685,49.1909336640613
261,42.4207128133612,31.2202423956712,19.3476532074033,19.1490879061474,38.292136991236,12.620014443957501,26.2678038363722,44.3601155579363,25.5165120756429,34.6331110667292,28.098977216165
262,22.858069022082095,42.775455145264395,21.0097545789217,19.123741070822803,,33.6126219861312,41.7757154842351,39.9365586902858,45.4091072112216,30.392910792798,25.413748808193198
263,33.0118714060507,51.3077016145265,40.858736659082,39.1223252406679,,39.7231159079191,48.6452146476332,51.1677930875142,49.533508465718,47.4004929511808,44.7431046190364
264,48.00701881097711,42.57556547575,36.462439213471,36.0668777922269,34.203635812128894,13.3188249979271,37.8666538713653,49.6781159391491,37.5564228920103,47.6549635528467,43.9469119347325
265,50.6545538680978,57.5365183343222,56.9480308474757,56.8666959171974,,35.7804102272707,57.5471573752131,50.4103604723329,56.576467027507704,58.0560999029223,57.9102352058397
266,37.3251294672171,49.6204585872042,39.29354069106991,37.51621043973831,,33.2311138877037,49.6868005700766,20.6272468666353,35.9523916501671,46.37422953299371,43.6293763296256
267,35.5147718569375,55.7425883585561,53.353177414478594,52.9492670464663,,34.143924361055795,55.6545007914578,39.3498173178876,47.820454878572704,55.60478393916921,55.0124576859604
268,37.9886938647386,54.742499777709504,51.135809650964795,50.422583686072706,,32.9258804790423,54.628171735471604,21.1142078141362,46.065383250138,54.1493325545284,53.258497254187795
269,46.6447249889534,56.7393657138832,55.41377643898561,55.212740447037405,,33.2790709058114,56.7189688125261,50.231737000389096,54.4933031090576,56.9702513745074,56.6487283400869
270,84.8422682679231,63.81562690216929,70.1482065335836,70.5897565206578,,75.0059269624407,64.218324591378,78.45139723294558,67.7058701867574,68.6518523193468,69.565059203311
271,44.60338278005149,55.0023600980161,51.480740510268,50.83731094768871,,42.5716095459274,53.4827568081217,54.8219240314326,51.9471176064507,54.3713912249389,53.491979672401
272,78.68463172015731,64.25612599205482,71.4419057890944,71.8976454796353,,63.9599037437634,67.2723148264103,61.4942396663394,61.636408845876595,69.7520116915731,70.773154792902
273,65.3736106762665,62.0500714553687,64.53318297810571,64.447246599824,61.146495775622505,82.7387454211033,66.31085054623611,61.63827582659761,61.361258141601404,63.0494846798709,63.8827718352735
274,72.16098067485329,67.738170931888,74.309288981468,74.06555552759188,59.0468514809444,82.0729462333323,74.06413948245891,64.23557952962591,66.1561835099617,70.0483913813822,71.8247956361866
275,62.9231204349936,77.6926187917399,82.15219536980548,81.819914910254,74.7799600090632,78.0422962311718,83.3370431089812,66.576301121089,77.31834785181158,76.5089932653122,78.7726700013638
276,25.5810158937191,48.99852866771771,37.0363177964927,35.1746172994171,,49.373566324649,45.88039850782761,53.0997736386481,51.924904072280704,44.7100595853273,41.531056529280896
277,20.416594797766095,47.608921857989294,33.74877084738641,31.827374999826603,,35.7516400966969,46.2685564210567,44.434939901543,42.72505810855551,42.1472924764334,38.500367179270604
278,32.87186096108011,55.817641076049796,53.314235073140296,52.90440681556371,,58.2362263787601,54.3563397692972,56.7746828219561,56.031180614525795,55.564630609692,54.949268046287
279,39.7556868540674,54.307578339134,49.927666901993,49.066267787109396,,50.4634791008615,50.02898118685229,54.9250491077817,54.766654207324294,53.3402905567594,52.1940994894711
280,39.36386570760111,48.980455797006705,37.2026879005012,35.35785785507311,,48.3850723503341,41.5964920420008,51.138548803933894,51.17960530747129,44.765427526320494,41.576125238926004
281,34.3579535308499,54.776155316568,50.98988920747949,50.2652951386219,,47.09333206898721,51.670938294573794,55.9511370171725,55.6835892900694,54.019308130446504,53.0739302166014
282,35.726004689731205,52.2847381390269,45.241386770271504,43.877350267767696,,43.4792575446606,48.286988788805196,54.752414973402395,54.456323232920894,50.2985061017481,48.431126388509206
283,39.109656649258206,51.4601368888861,43.7038860742083,42.15335724076169,54.4578903875143,,42.083447197105606,46.511879433092204,49.50958251634379,49.2980671868849,47.1573437839925
284,26.452009348976105,43.8918244177318,26.771723255996598,24.8632366453551,56.8887861402009,,38.4448203634989,50.2010744943538,50.8455486786535,36.06957991912861,31.5199199718813
285,42.59148575941549,44.4871090478391,45.9585468161969,45.6867967542429,44.633295148439,25.636778232653104,37.85076990181479,51.9709130744812,42.5538482938903,52.61743792409511,50.6680519105443
286,40.7253906652586,48.39367651351029,36.4752786344751,34.5964714091865,52.178190181862895,,39.9605575019057,48.868240798880905,50.150868748749296,44.18132695440549,40.8536068297902
287,38.418059493529604,45.8602752768327,47.457222547022,47.228199519675705,41.681953526675,19.700597961632695,40.0170760446673,51.878609413493606,46.50165768315829,53.366340149398496,51.661774110638106
288,69.5652485403452,60.046381242238205,63.097197974869005,64.4541903869919,58.32887992798371,90.5354893426816,61.7501931504965,60.3433143411234,59.037473516326706,62.7937897287486,63.3826605819341
289,69.80842369384871,60.243243827857796,63.5874492876178,65.0384486757529,59.004625889593804,77.04050549580491,63.787006620239296,62.137373977963,59.360605990968,63.1996828113301,63.8458919121171
290,84.9525801835142,66.2369760355655,74.79635223738438,78.40832459351398,58.292152836690704,89.8680004611454,70.1154792206905,69.632205285737,60.83710543821179,72.69675443809548,74.12180233305571
291,77.2342907336887,65.0723264670195,72.41655912145,75.75965911175649,60.675110679785206,,69.2110599815969,73.2575166201678,60.6056053163367,70.63691591946441,71.9335029239738
292,32.3119298464495,54.607979449853296,51.080705992548395,47.9947947205572,56.0234260856995,21.189461626163695,51.344639513308,48.354794577519705,56.7730694872115,54.1099192914357,53.0594931863558
293,49.545295991775895,52.59820000853949,42.33237865914089,35.9266471933111,56.0105709037469,25.844162640519,50.39761201824879,51.6876603323807,56.4422221506946,48.4386709110905,45.7734025926748
294,50.7651264415132,57.80510960725061,57.2758708319613,56.983176300625104,,34.7940026416619,57.567235649264,57.8887276563579,58.0452238703473,58.2892384863552,58.1722701726711
295,75.4554022968168,64.2286901670184,73.7466599068195,77.2630436058767,,86.79684671317139,68.7475972607478,63.89006554132771,60.4884739213615,71.7685859355645,73.1691347498208
296,33.2701897121302,51.3783342834446,41.478572101142994,34.8568426966205,51.4022341282961,27.24052656552,36.70674362521349,45.0532162977466,53.210509923469,47.8101821681622,45.1113212847281
297,74.6064812241828,61.282050058650704,65.4025511680149,67.2781200324281,59.908911353593204,65.29083431170771,70.6659205613361,67.5781804731486,60.60089213509129,64.74655115190501,65.4492130249712
298,41.89555589140609,36.979112648572,15.6858386908791,9.36390827292516,42.32717280614769,41.3024876766943,6.62543167603268,31.2179913334901,40.7107109043704,24.379068103758,19.369324046214295
299,74.02539627900498,65.7909538666348,73.87812083424409,77.3930883982734,61.5159532340304,61.9533998780709,82.1449509198389,69.106451442121,63.3880589973956,71.96543212235909,73.21899606364359
300,18.9014487886243,47.78933532643029,35.6934126505126,28.1773898600982,37.38333811809849,,18.1987277934853,42.37598179665749,47.5916738293709,43.5842753757811,40.0376943372238
301,8.281580459055442,39.50846303786209,19.626303764561,12.5123718601684,56.143555950591704,36.0027974111171,21.277073529791895,33.06234055324611,46.9676205850807,28.783110146064296,23.706047331080505
302,67.9213457972609,59.38241878880999,61.2667152522422,62.180952209497605,,81.4160964834272,61.2958415638455,59.2926773424835,58.84421753725229,61.3419875193679,61.710512055155895
303,22.1144753557661,50.295969934279604,36.0448744989584,28.5379122288656,,28.349826163516603,38.0694157821612,50.8674161933725,52.633628428680105,43.937372302312696,40.4051470634217
304,27.525084260918998,29.4765987802428,9.32758783928114,8.160261790776072,23.2712304251083,45.612600424061,15.417275892088302,4.02397573959158,26.0867844464848,16.3422327148016,12.007176517053098
305,39.5030072931571,34.996416903993804,15.468202669623402,13.8596592504737,31.5552379662593,49.9476396680488,23.939970021362505,31.3241440038204,40.551113624428396,24.094122393084003,19.1162948222702
306,27.947437127214,40.193028502926204,23.3996697829208,21.5376061821169,49.090177058669994,40.91251660173991,32.44153257508509,45.0360418433182,46.7587397699654,32.6600150252389,27.796854958456997
307,43.1142437147975,15.8577785194999,5.64572304584761,4.89032735416938,17.1344961336788,54.4382808024679,10.311339704940599,4.37905907110539,21.761361743788296,10.728197015704499,7.31661778947268
308,50.9204608227906,43.6151546203753,39.458308992401,37.6843920990397,45.3264902011406,49.82474720229529,31.612380645468196,18.455853475694695,31.4078218724303,46.28345281044211,43.2620972260399
309,48.69790106308211,9.839396111244428,2.7037514575405894,2.3601489298447498,12.4288669935745,42.0855208735823,6.90111619533767,0.767485775902524,6.820364401345709,5.403685083516799,3.4616612888044305
310,40.470792296925296,13.811003960620198,4.9795523973695,2.55355090218091,17.277687816994,32.8825305626363,7.214699752581151,1.72755774697279,9.148453996372528,9.58652354677773,6.4252485995995405
311,45.894246297718404,15.0303081096718,5.70536077533713,2.9373161777847896,26.634988187547602,36.454406265934,6.57885288497391,3.5115880024014197,7.503697332158329,10.825166794825499,7.3845578678322195
312,46.407396802015704,32.5128474620292,23.7658627892595,16.2098376141286,7.16214012033146,44.791005758727515,16.6311179188499,9.637271559254073,18.174139072052398,32.9404285656534,28.0300660913386
313,47.8183897369326,44.885849074853,42.243835311941204,35.80108647281751,20.4250596680802,50.603690587684405,31.38324839414509,23.514877656576495,32.235654050326,48.2271176488802,45.68171187108621
314,77.2703383389168,69.8305858916458,70.72437837121882,73.66087230655582,76.68101811984698,,77.54437964690781,86.5566903848621,70.1074149858713,69.2264120186806,70.271054940572
315,63.2251307848347,60.324681195459995,60.123918674581795,60.6830941480255,62.376915061213204,,64.0147139421224,70.5690329809949,62.933262920559905,60.454428415711696,60.6803678615454
316,68.8393149751408,72.2901121351812,73.92558102198579,77.4392257421214,72.9342547170399,,82.5050840012977,90.83185155203381,76.0745234682617,72.0539514409116,73.2929561960412
317,66.4299318446554,76.6192164889214,84.25651805871698,88.5640910625737,72.49585139427478,71.18544684667941,89.77446824111841,86.25580040637129,82.1514213311425,81.96787204712929,83.3590570218607
318,63.499303488758294,72.0509468981529,77.26792004931498,81.20643180176478,74.6900831899418,67.0866736690804,84.5574393843583,85.70382011754158,79.22271970910509,75.20054256570249,76.5117241009699
319,7.83345508848309,24.078408210571,23.865705034256397,21.9954373013533,7.14606048379972,,18.3796663946903,8.36844231634115,26.2126480310082,33.05317474945709,28.216559099759092
320,10.3688728316081,30.1747643244154,31.644777726174603,29.6548366750436,14.4995500606771,,23.184104401757,7.97791378879342,32.4235227961669,40.2343972853633,36.12665990309449
321,79.60096012562698,65.0995924778017,64.5335960810041,64.8041882353508,70.8851806501632,,69.7459627624171,78.25636969525429,64.9469814973369,64.05838304647368,64.6128031428719
322,74.9363572673331,62.5947712544833,62.183050650271994,63.319026914324596,66.8744090627779,,65.6593136019161,72.36737533259098,61.6407839341077,62.1216302482438,62.5436925566681
323,14.1853128114308,26.551643982617396,26.278081145878495,18.553842909528495,14.6114135618466,,21.791204168481396,10.791134848743301,38.058258712688996,35.4148158741654,30.6674961941691
324,37.6845924599063,34.7910986660603,36.782857369944,29.366425914057604,14.6046665163215,,29.6840682053787,19.1314343513514,43.325560994629,44.3158950202409,40.91102754813249
325,91.52694030315729,75.26185426586441,76.1567845314275,76.82238110406979,90.3367442626114,,79.8549673646953,90.8072289908132,70.43274979048141,74.1596759356266,75.4221386558676
326,87.3058176186288,76.0164258858569,77.1489217198818,77.8124698509197,82.3946011341254,,80.1487512926265,89.6728571141913,68.5839105491612,75.1061312397886,76.36556796593109
327,93.20292103096529,77.9293130332028,79.6645610562959,80.2733341819981,83.04689232276301,,82.62444181041498,91.8760873432603,73.26768837257758,77.48402778156499,78.82767550515409
328,74.8092330745012,69.6856843336854,70.7049323525712,71.13657366267202,68.0787768935509,,74.3012688987517,81.23610537553809,65.6864900000897,69.2037446565355,70.2415518081519
329,88.8655098975251,75.00961028253661,77.7683617416778,78.4224106401648,78.2490381816945,,79.1685193442342,82.21054614728499,67.5674901488567,75.68921301901837,77.0049375759585
330,50.143658739923,50.0945562046996,46.676321486065596,45.4879171289367,48.16287209443,,40.3476346759683,30.0080826485415,46.839104692870706,51.182484549068,49.50633185079571
331,32.6802518516751,32.7751510344592,18.521886427830495,16.7666478829338,29.574986627374898,,22.2475132801503,8.34347678429899,38.5008441136887,27.4908962611,22.485253727729397
332,48.2879131332771,53.469196220203,51.81157221338199,51.2093922709118,38.11711789849709,,47.6844582592346,42.009553904955695,52.296984427984505,54.534953026851795,53.6485156492866
333,68.8632485460888,65.4174317136717,69.5200126936917,69.9627913189063,65.53507709423039,64.2293099321945,70.2066551936169,66.3180916510835,63.2325758429974,68.225202963516,69.194524365706
334,40.3475865076218,41.232452406392206,35.6400531704588,33.7571981465125,33.8046873534126,,33.0304201826689,12.0129801377335,37.1567201236334,43.4458745907812,40.022532432572206
335,47.7184513930258,51.656037295356505,50.8100696316185,50.082402138171794,41.8826836196826,,45.2654435934913,26.585126842590896,45.6092936397948,53.8603960040967,52.894960648016394
336,91.87732478198443,88.2120209925174,93.9405091278286,94.40213744012688,81.616282262352,,89.4718484702352,97.84913608027979,84.1845163874538,92.38880168503721,93.0282860100049
337,84.86566710925251,79.4556937919125,83.4687174171758,84.2010366626688,77.31506889920301,,82.18668208509018,92.66348219427499,76.7352794682649,81.20432878501101,82.53757000328079
338,79.95941005872508,75.31830393852148,77.73022487477299,78.3897828281479,81.89409540162009,,78.6078718016652,88.2455146839954,71.6117609200583,75.6653495210913,76.96052553183608
339,86.4732265300448,71.36126383511709,73.7784121236158,74.35438213533318,75.0887290577458,,76.11271700381229,83.98685513871598,68.0619601757403,71.9338743523477,73.15060983717879
340,75.94093282734458,67.5196699859662,68.6162530015317,69.0331424223766,75.20836255899651,,71.58230384213718,76.9688691208163,65.301447176509,67.4560904460707,68.3638697631611
341,50.8746012034368,53.1424766439472,54.036817285152104,53.7243871058299,29.480346944567305,,50.2039063663195,47.2025409644197,52.4333243230071,56.0056562278541,55.474589612959605
342,90.144644422821,76.68173221941478,78.6634535899244,82.70255727004782,81.67779508117698,,80.232804142668,89.95611229519538,70.0401799006038,76.52068860848678,77.8098411547494
343,92.5833745757017,79.69892603459678,82.74613611978302,87.05241402318788,84.21805501682509,,82.76547293655051,93.6737288149286,73.44804620985809,80.48873357753699,81.7927010932672
344,87.48814304140461,77.29643634421981,84.3184435551062,85.032049696614,79.35737173873619,78.31378246119,84.7580611572277,98.37476706412599,76.39202969711478,82.0419468944671,83.35014429108709
345,83.27420567180329,72.35071814127959,76.9060321544357,77.5775862501307,76.5190922090632,,79.4810441124437,94.99835316081699,73.62898603051491,74.8806221300008,76.1307257106159
346,94.34127746637621,78.707246155624,86.39246552751588,87.0367587952694,80.65217288863641,,85.9541138209857,96.9031182913192,75.08554896498079,84.0450377924185,85.3178772541025
347,38.845503875994,43.19136775305671,39.1672257148048,32.13114922528191,40.544464969328494,,15.0085949097606,13.7649330181644,29.215330440862697,46.08649066854571,43.04563261418671
348,70.6131923796627,69.1806695465071,73.5205971961837,77.005245751332,72.4812223486673,76.4037158156692,80.85720797935359,89.4081994878778,69.6775259073909,71.68780739515321,72.93732065888679
349,83.8799272018975,74.8976554337383,82.51320858408309,86.82902321941641,69.829107184577,78.06260247848739,84.64986529538992,96.40987655727119,75.13303350387139,80.2442496865174,81.61024171017678
350,86.75445620159262,71.4440475218331,77.07343791198339,80.9692302516502,82.43407604362899,,81.84391521685691,92.3927526125368,72.7651852068959,75.01784786196451,76.30818011186891
351,90.6489048185608,73.60507292798138,80.52277577282291,84.7115745288924,71.0089460605481,,83.14381212866891,94.4193403691272,74.1382833719557,78.29210927424,79.63528201596861
352,39.7410339211191,49.1987119299193,38.799201946174996,36.9654119613777,48.0059814109716,29.364475255355096,27.821710731019202,15.229456229182698,43.1576074211593,45.8165481218493,42.8429263541896
353,66.2044320354112,69.4796487296118,81.57416929465909,82.2077508499897,61.3001212772285,80.71656145115409,86.9385757428439,79.27884802728758,68.2328697003973,79.25168858764279,80.5488386254803
354,50.2724855923445,57.6995186771976,57.28984529509871,57.234351704131,55.160181940311006,45.297363502405204,56.227973003849,57.1267495345551,57.5037814743332,58.2930693452775,58.1886691384346
355,42.1173769194027,55.4035372796936,52.7783323840859,52.305613402240894,56.6018383190192,50.144911301799404,49.4731489546179,54.9837568714052,55.4996901647328,55.17445905464599,54.4572845014817
356,41.58896893892221,57.1051718364005,55.8699197813622,55.006442652194394,,36.21909680105969,55.6605544551053,57.5670777302546,56.976064923029,57.27060144140929,56.9959475211145
357,64.5812831426805,58.84540148411261,59.73984364802239,60.176514752674294,,93.2642803956266,59.9505450708749,58.714709316132,58.809233903728504,60.1451780196514,60.323268933802396
358,50.4955763745382,57.8732182327034,57.5051575744421,57.275931806558894,55.9243627210274,38.9087306630994,57.5595241408808,57.9707461559175,57.7053257624968,58.462093748627005,58.38209775013221
359,66.4299318446554,59.9062204592366,62.2713967446486,63.4078684273061,57.2925827353315,70.648461986739,61.158590128594895,59.08908925308639,59.4604894595433,62.156664190983896,62.5553113198691
360,65.4042292820366,59.98018051194239,61.6572377327456,61.82180634226971,60.4897754960295,65.591476486465,63.1207283327147,62.4365676989861,60.352409927310894,61.6926717116706,62.0581454501297
361,40.979429305211,50.74360579593429,43.3159690382579,41.7423536978174,44.097726097385305,,39.8261342802653,23.410852319928697,46.6798101418405,48.9593266801004,46.8100359314166
362,29.830313097727604,47.391213276962496,35.8212026022922,33.9370314416579,46.908409399497,30.949512734617105,36.7858741580242,42.7818370042786,48.5505495182156,43.6071727878874,40.3080058319711
363,76.04348780997249,63.0451305465371,67.9336518331273,68.32775260788729,63.726043848044995,75.6041461068179,67.7845373278802,63.762002980328,61.719757462497796,66.8731271022656,67.6708228623267
364,32.3503059949086,51.386455794964,44.719557018329404,43.26656193161671,49.0068057850712,38.1851074072861,44.450261703809204,51.2429006488038,52.530311898396796,49.8702904219229,47.9884060896358
365,37.0863742167987,51.58866554791489,45.1634853195806,43.78526094284809,52.65183436863279,39.06394356580591,46.10170035421601,51.762205116660006,53.0749605380821,50.176538386953496,48.363683304877206
366,45.515938201621104,56.62993125007421,54.9943239509332,54.7486810775352,,48.796662619516894,54.79093959011949,56.6313463221739,56.7478061040648,56.6705424711092,56.301702624255896
367,68.9408812872138,60.2355366387287,62.6830289356934,62.9011997041695,,64.0109699434761,61.7781445102953,59.523725657463,59.378361819046795,62.511311939490994,62.9361202755516
368,35.9730586145792,52.2747288539677,44.774335987013906,43.33105354394349,56.9899027321672,55.2146182421198,47.45659942046411,53.8513961756808,53.915602142652396,49.9659375687873,48.116090018897104
369,34.4719491054958,40.8854200575847,19.6654854311946,17.8477573748814,53.0942388278034,59.4526159295288,29.564109816244997,36.66301560762351,43.3848983002494,28.857302808746,24.125801388883495
370,28.447873626940705,40.54561411320469,23.3696507690596,21.503386628231105,42.29699962401409,52.7415494422916,32.1687951659418,41.61683890031279,45.516806146446896,32.69143606744309,28.041603623960295
371,48.0377108887187,51.8856563493938,46.2995353628962,45.071124657702,44.74615105870979,57.927663906155004,42.9112309017917,45.570747682671204,49.97374398308,50.9646154542982,49.3262681497134
372,22.571243286178497,31.949540654729095,11.324857427290599,9.953450620309061,39.7740713703653,45.9537893554307,24.065334850095603,32.7698919250468,42.1225044094006,19.094552000535096,14.610674560650198
373,65.6960480633761,60.283753826098796,62.15877361426121,62.3495484960623,60.051084536897704,62.704333880441396,61.7564751564954,59.61277856478829,59.382379303034604,62.084809542799796,62.47533299367579
374,76.20807874507629,66.0637322651763,63.8813111776239,64.8032778846095,72.2534881644683,86.93284189947998,90.04998600038842,68.208662362518,67.0167759558687,62.64512226664021,63.3856385197738
375,84.3037037781806,77.1483888018993,74.1766856949585,76.30027147872498,86.8797137264697,89.5854870185026,96.18621263272689,76.02069869454819,75.99358753704638,69.976787865905,71.75238260528002
376,83.9525699462163,74.8001390647646,71.6203912407613,73.4326696924193,91.05615781558708,89.626707476466,91.74173180119541,79.56611855823901,72.9518973026952,68.0453370681955,69.58825115377729
377,87.8961582030441,83.17091687304149,87.9833909464521,87.64077681698238,81.8176296280934,92.11649368115059,94.51626514274858,82.65918460220637,72.38206728799729,81.9933768988225,84.39230223934129
378,79.478308882034,70.4796089589305,71.185935952984,70.93957479882691,62.8616501117354,88.1134890093944,91.67600548267971,72.3147291590518,68.8923785060619,67.7130748551291,69.22492103449821
379,86.7387405163919,74.76821855807908,76.1338355221512,75.94599870133251,66.148915373375,86.3973699207027,86.7773139111813,72.8184325701774,68.9927851194637,71.4731704713339,73.44454981924599
380,87.4688753979445,75.09855087923921,76.5412470515543,76.3521492760585,65.4075628656245,85.6885522268135,87.5528532516996,72.4205504433527,71.4865137684249,71.7960381508779,73.7768653592576
381,91.05706570469148,79.09843996644629,81.98621946657009,81.6381465862556,65.58948173116282,85.5577127146391,91.36044488918941,74.5621004950115,74.4056801918973,76.3441996729737,78.65302324884598
382,83.38432247510478,72.8092410173252,73.5949706566609,73.36648603501078,64.2778754901778,83.0708248765339,87.0315696135559,70.0313120470419,70.1422221037457,69.54362146130879,71.25334750209602
383,80.02438610951468,66.1344304817867,65.690215295054,65.6274105449682,65.3117478191683,61.488601709860404,78.4525947346229,64.0916893987219,67.8708778695172,63.9130540991659,64.8080594426033
384,79.5191068617877,74.5859831686636,75.91104867176821,75.70365821213731,60.965827046460895,81.6841258003893,92.4190528345849,74.053108931112,73.5006372032029,71.2867416412719,73.2339372195454
385,83.53989922242941,70.0302389797218,70.130023908597,69.9252184670288,65.9601355532196,62.413923261598796,87.0750997750898,68.7896296305962,71.9744700934657,66.9779424531758,68.372367969948
386,82.8660920394302,70.82064140734009,69.31867640185061,70.9191897713771,76.9030791221685,75.7623258343164,87.5372150016888,66.271017152864,73.1339925539419,66.4275324190389,67.7204299430388
387,84.4553203557524,72.38717973111699,71.08579523733209,72.8528744393252,80.0558638824022,62.8686993288234,86.27825203850729,66.4220557102779,74.31793758554188,67.6391187532565,69.1398809890783
388,88.6986834023908,75.32062585119591,74.4789443967919,76.6454645287977,76.72382216574901,63.1238507945911,88.54543123507891,67.5998790937919,75.8594929576688,70.2111765321458,72.00427708143731
389,82.31959775943051,89.9285510336574,90.95510868729629,93.06601815710708,87.43522164136817,86.4736563979756,98.1871254411847,82.5566213882787,85.50199322142099,85.1534309069884,87.44564903020469
390,92.1746503028347,83.74107173739138,83.00867261517558,85.58253263143241,96.99214610491786,88.3236675097409,96.2920634887342,78.7995519441382,82.54946838882451,77.29346611325158,79.5872195564244
391,66.6120078895361,59.9314304065897,59.75911619394,59.7457377574936,57.8644076504006,81.755995589532,68.41386561583741,61.3606615248034,61.035256601714295,59.908742776869104,60.134636956807604
392,6.7225927184422805,27.032256126114,24.821894648730602,24.595621270860295,43.7606630484069,9.2924021770564,3.2749149659485495,9.05166458190202,19.260061823402,39.579709200292896,33.7220490421065
393,82.9538053789422,72.9089875322039,72.5051533824385,74.4681802462151,76.9059841221989,91.35618679740028,91.5541017630462,85.87542930267459,72.4973039597228,68.7441491698764,70.3187096970179
394,76.63003010686279,65.2387865085593,63.504834805410006,64.3557411066758,65.9852680989369,81.46480699523971,75.75618008574098,68.4052209219567,68.7426130563376,62.3820709874466,63.054810553500396
395,33.2008699739935,48.4494197954549,52.685965624747496,51.2817471673374,43.4263395449117,56.765218973589896,32.4632369881245,47.4487995018247,31.9305505609689,55.94843269519279,55.1464577578215
396,14.144377033622598,30.261405873917695,35.9800929524203,31.186321922186398,33.8680850813482,55.2563831922249,16.1213434668884,31.375566457468295,22.342049452539,47.3565013218122,43.5497461787779
397,5.35607105699357,19.835677118103895,23.25068445129009,18.3163380107913,20.2498248480663,55.9328741020419,7.8367704730913905,19.0658979624552,16.8157886523192,38.3074848587208,32.1397433962585
398,68.6340092878693,59.9457563882819,59.3678982981517,59.610211958524,59.486044849172295,68.4419599462967,64.7627421449454,60.2807765842278,63.28308523210261,59.6789389877522,59.8341811661365
399,88.2529146224412,79.63117197642862,79.06971422379891,81.50911305755909,83.4182076448267,65.0725732086119,88.15620233829759,68.4573573646393,82.9313933789901,73.8372215399077,75.9545458853607
400,83.82301325188651,71.4197247548741,69.43525830798329,71.0591252532408,73.78706822595571,65.06313504257889,81.41091135359079,64.0943188416871,74.94185882417369,66.51498643884929,67.816254433
401,93.34237814967709,85.1565461055075,86.15613652389219,88.676492245426,94.71762908113888,65.0585732774419,94.24199305350248,72.32214037742679,84.4249965524573,80.1190054649981,82.5060333160152
402,92.8495647480773,85.48167363502148,86.5903902906246,89.09248991278179,79.9781845634083,64.5432633757045,95.3118848913585,72.8725247087003,83.47005390056259,80.554120473376,82.9254829141661
403,89.52766918169861,76.9747392455634,75.80563517779409,78.0434208950403,84.104326333818,64.0711202306518,88.1970804970078,67.1070592900702,78.1762501870258,71.1973914145038,73.1180410254917
404,39.16732422048779,46.1854796343396,51.71201441488271,50.0186608182678,29.328600306617197,56.5729651908169,37.2232768888316,54.364515888819895,32.9010461012476,55.4813748466529,54.5012060617247
405,79.20048117617299,67.98176627830071,65.8219015236165,66.9888217861749,84.09060378821998,62.37616198351971,73.51880154763799,61.559629721018496,70.39389775095341,63.995704973425596,64.8932563684549
406,18.742896274020495,22.2245176448214,27.972347837091498,22.9831574899618,5.477709102721501,52.348990102860206,14.4246637640584,43.1212000776474,17.1941906462059,42.08904084987551,36.789060242591205
407,68.9490540532441,62.5452327475844,61.2570632783245,61.775176018800494,60.8950408184482,62.9917237239801,67.98342229650929,59.8762902112634,66.86719068014929,60.8765955177841,61.303066600396996
408,63.6948654512053,58.5848109930004,58.4026859676064,58.4456145232589,58.2405793816061,61.014033511963504,59.2067681819244,58.3225040423456,60.0602143353621,59.096394508499095,59.1347706865242
409,88.89044799190157,75.93795889577379,77.83548257865051,77.59370244600659,70.939368923457,63.3961553496015,86.5890378684358,69.3319506416393,75.97129290933101,72.82840316372268,74.9035068304515
410,65.4088266153601,58.7811324290668,58.6500407028304,58.632019050781295,59.375022302557106,60.861689960434894,60.77324488096539,58.5863540866979,60.617130965118506,59.2499258840723,59.310563891426895
411,71.4953389411735,61.0344980706037,60.620999752001104,60.6035783948648,66.1317475550137,62.05231292803921,67.49171432797529,59.8187854368504,66.4148505792588,60.492141727406704,60.838226780728
412,34.68806492819951,39.9820469443731,43.8712037234626,43.5228872496309,46.8920634447807,55.1568036947559,26.363700002392,48.047176578530504,28.955410384830895,51.5514890273625,49.2530595551944
413,75.72284240729759,65.6977477919612,64.97840211158689,64.89669401677162,70.10943873296229,61.881156969000905,72.91700451833108,61.725674852405604,71.629055795353,63.3890424530943,64.2396531146704
414,22.1827872169818,42.0063063282379,45.92953845629,45.6620919814304,24.653396030467295,54.052062234971196,27.7381234067062,50.2565769288949,19.9372865200986,52.608576039943706,50.6412644218034
415,29.191082556210695,44.083089535297205,48.011616392526705,47.78075681030229,49.627393018831796,56.815033884117696,31.8585340051545,51.1073210819847,31.012161586803398,53.6285785027185,52.026084267555
416,38.002090457459694,41.1640084206529,45.1153172167614,44.7861623150799,37.39911070917249,55.321250295588705,29.9671895515467,50.3384865923804,29.9113974972008,52.2097661398596,50.1448497799022
417,92.84455889839748,85.12311525804091,89.06148829328122,88.7417484792059,84.6537067031978,63.8038593684608,90.3345112404525,73.1490351017435,79.94775972099582,83.0673980068614,85.38600707717391
418,6.795029680268089,13.354083801870999,11.9936576052876,11.9356308246651,24.3692310274965,52.178303377266204,6.9539352261709,29.785932978282197,10.494842508439,26.290591986231895,19.571812657865397
419,63.9471880175982,58.3604119742585,58.665092587106294,58.81512729156071,,,58.3840125819135,58.3949089935614,58.4448205464167,59.3302508354092,59.4120878536743
420,48.1358938317451,57.2926415901419,55.88233664840529,55.0254786166736,56.8432778669979,,57.168989516074,56.5746436421889,56.103698669897,57.2938479589823,56.921036804915104
421,71.2672984040833,62.1170407704665,70.3889717440514,72.09775008460609,66.1048974638239,60.4681477242815,62.71263329698171,63.085594401755294,67.25333283953671,66.733391283394,67.91712793053229
422,50.2301526276251,57.677722697560704,57.0244381156538,56.6542052373551,56.379334725784,60.27828227173529,57.593036200933,57.687724195072,57.166175631022604,58.105692721777004,57.9340897125958
423,64.4450084883297,58.60136681572471,59.206275066561794,59.5473480630787,57.2531959621925,83.02510068423618,58.5884536778517,58.6346913272667,58.662477146482296,59.747272817393,59.892980634043894
424,70.3675036311159,63.113139783395994,68.5085822279566,71.0611072325339,64.49212894696322,60.3592973527032,62.5416935908924,77.07742441607509,69.8163861044417,67.2812447245661,68.5404752738566
425,82.7659649853558,76.2939545104198,92.81248334154941,95.7579454206926,65.0722867257557,71.5390883722669,73.068742431358,94.2993502742465,85.1584401116333,90.95972946595829,92.3123581292043
426,74.0313703734219,63.67749565864679,69.6709193348909,72.4563392537584,66.3440610572334,97.31153264776923,62.90349061434589,81.9619285803536,73.4912547409771,68.279314000813,69.6288388498255
427,63.2233174599933,59.515878768415,60.39373279306379,61.057075134834996,61.1411633664758,98.3607572172875,59.0968842939186,65.97807098832621,64.0159248577697,60.66019663449121,60.98402419904839
428,47.3257583385154,41.70749269116549,29.0421099564368,21.301904911974898,29.75910349293609,1.71882976189331,48.576904615595204,10.3503039340351,21.5076871102011,38.2413563462954,32.83234662931061
429,68.96454901766721,70.4605004346803,79.9585052620087,84.13404875031878,77.671440175656,99.42477873478279,67.0276903544307,90.97379238921958,81.84112236734909,77.64047942746748,79.5228703657338
430,41.16679289313969,55.9457868146061,54.8524183798229,53.6031061923378,47.334701767590104,2.2599162208393597,56.786991968525804,36.5965112788531,42.4765106601032,56.58080903443279,56.0556375273036
431,67.85036028795179,65.8081877268836,71.434404694105,74.5276978557475,74.26006173090062,92.29673327428608,63.552753585903204,80.9434473064904,72.07741408122098,69.7866087874193,71.2186688656301
432,69.0869853328787,63.35315561606,67.8445459952654,70.2761693483473,67.1514442474924,96.69523192130468,62.40721701823529,67.3579236969613,62.883322710586995,66.7463680234547,67.8565968871084
433,65.8285762569038,61.20886255409571,63.7767775470922,65.2996870219639,63.3320071621074,93.90073322508681,60.4877952964293,71.4691280439705,66.5297451947517,63.3836421697738,64.1017986208182
434,69.3210203902037,61.585860259118604,64.5027831778829,66.1743956719987,66.61326706004782,61.35785287081529,60.739252661763004,76.41505050838302,70.4124526248307,63.97155561826921,64.720123620044
435,89.63914719808298,75.9081660976695,90.519786035869,93.95851614597429,62.625723700178,98.846717133789,71.64031743281791,93.9697626314492,84.8845173953307,88.3105829372074,89.80372438051478
436,66.18681248107221,60.34198670086099,63.5586189735356,65.0060348845733,57.623773738794,90.6358916987993,60.4082394797999,61.646184276448096,61.252114765707205,63.191521618435104,63.865545991819204
437,46.451003789013605,55.580074288096,51.7110784548104,48.9107898803326,,15.825109178495,55.574555969701,55.6622013247746,55.400107291028604,54.515547599533605,53.4662484912311
438,80.1690810786132,62.1072275187383,67.4856269535404,69.8142882963422,58.2402691543301,73.5137383142568,62.7824664243303,66.437647316257,70.6201109395065,66.420916777433,67.4389204098847
439,86.4677569838142,67.6986130519876,80.2486855058153,84.4284216074523,63.3294709348081,76.5688596928666,68.2755858778481,79.6346837605682,80.4265649747917,77.835160602296,79.6098862984888
440,77.1187382239444,61.847580304650094,66.8680323279389,69.08340103927239,62.84373711154821,78.40170003412891,62.4080593545731,68.6511654505206,68.6006274042979,65.9176117981501,66.8888734330315
441,67.644236043653,59.2455320368234,60.6446667371635,61.4038443782541,59.0140412078741,69.30878599546989,59.530375633045594,59.856446376822994,59.988607210493,60.852848905079796,61.2040406334828
442,37.5901669527694,19.44140043163,18.8785039833714,18.7067330543857,19.0441960627348,50.74553056391029,10.5876089513885,36.55497431130249,8.32579686709538,34.17354503390611,27.677594206210905
443,11.3516107534699,35.1422538122805,38.0424818862382,37.6287890586694,41.42330097851631,55.820325626883495,21.1452742635836,42.6670204337016,27.226717633086,48.5243812638097,45.1349181479293
444,94.8999150474994,87.9665293361212,92.50036809602348,92.23971419133,87.6960871440955,61.6779321909435,92.4853016882012,76.6273976152681,81.0778025436923,87.04623858190658,89.07252856125298
445,97.1413208252047,90.27324744563309,94.8251401741212,94.56405182542021,72.05061957143829,62.950792059933605,95.1901308594347,83.75443341613548,84.4328839667641,90.1754798470917,91.87674023533168
446,79.70921726491818,86.011898979299,94.3209540317235,94.0279790172386,84.2763561083437,88.66505637536079,94.68584455034392,82.3492097077315,76.8161468053158,89.48951860907779,91.30961282396208
447,85.5753429429266,71.9600249319032,75.871014885134,75.6730154281433,67.3136603400974,86.6510434144621,85.35324784313582,72.7433932981892,68.2724866410731,71.25499629683121,73.1793167859058
448,35.4989976380499,32.4931959589878,36.9356341020497,32.239886139695,44.6172371482711,34.1115168778986,23.6274955555402,45.7629134718274,23.9047229862477,47.924343376255294,44.2780741245344
449,30.5282718286858,38.723554421482206,43.90408153132951,40.1574803125601,23.913917613645495,58.3176753306519,30.328551840429892,50.0913820602822,28.016508402044295,51.5751134841574,49.28422543416679
450,42.3630071342626,39.331192809924204,44.4928095629632,40.8655706919743,46.0215265720432,38.9309333389152,30.5809740970083,49.700062108509904,26.558789122399602,51.8842141307147,49.6758259653193
451,43.42549232668791,33.7935993714982,38.4647965218992,33.8773934072954,35.6945356004429,58.006318765566206,28.716923108947803,46.724882300188,26.420462130652705,48.75742032428099,45.3898373780235
452,62.9231204349936,67.9849012872332,66.76977725171609,68.06680145203079,62.87644174825371,67.387264160154,72.4428286084687,62.9845987931293,71.7286411079607,64.6722447044041,65.6829961823519
453,32.2574310207481,27.803441189825396,35.4670880539803,30.634997842795,26.4775502313562,58.8224902710339,22.6927497693849,48.0569270103399,23.1796168190964,47.088218421264294,43.1202565430356
454,47.33099131109489,37.4296938881609,45.3986734884843,41.914224625143,37.781393440441796,58.9463030690501,32.645779168459605,52.0522239871281,30.8075674496631,52.358753563639,50.289571048067295
455,62.9231204349936,28.0045969968578,35.70109362056469,30.8827772660908,18.783757560012,58.0350607874699,24.2679681087255,47.3396134451171,25.0297340459135,47.2179473768651,43.306317665208205
456,62.9231204349936,39.83012751510879,47.4316464472107,44.507909617171094,29.3522300795915,59.103227427072895,37.6264822276697,52.3410401732485,32.1923717423724,53.368117920931304,51.6473532024922
457,62.9231204349936,83.57025018288948,87.02909703221539,86.6530520552791,73.01163780875798,64.3676898218048,88.50995372357198,70.0735581258199,81.62592509672129,80.90812209773331,83.2650016223018
458,68.5176641344486,87.38018815510819,91.5963294450798,91.34059923913759,87.6474508254052,63.9353367661001,89.60588939373311,71.36951590342291,80.16281004768051,85.85868254733998,88.0707319795703
459,81.2559336619679,79.67339261700371,81.98203782867078,81.6325558254071,78.5692853214062,63.506255650267704,84.66227291269318,67.94689636130879,76.6121739788727,76.2615732919039,78.50024651155509
460,87.085037392752,77.2104438693083,82.9549073491753,82.6003842710599,80.1353307468694,84.60240691912499,95.86261463235708,90.3784727830642,74.2933467300683,77.21708332533298,79.4406923030519
461,73.31194044958302,71.87445348658771,70.1218331909094,71.8017873148417,83.6325470107039,65.1419662612268,80.9903730315891,64.3864373033089,76.7917068570037,66.953015516749,68.3149457014038
462,62.9231204349936,81.0745925269625,81.1529909206233,83.67097534005879,91.51578450221048,66.2551679773445,87.7870645198112,68.2878974633213,83.69800145445237,75.5830065169279,77.7778766117608
463,62.9231204349936,41.3367613455319,42.3266769245248,41.8773700540246,10.3121407896269,,37.990604745724795,51.784193966834096,23.394449778496,50.8053852265195,48.2630795424745
464,42.2707202407373,22.079702061043495,26.598935880469895,21.630617747824296,2.07070247619371,53.425160459589996,16.5120082681759,43.8758590496869,18.3267052977212,41.074109717579205,35.518847442997604
465,40.91640010923609,25.393531500673696,30.6282982588902,25.655726233447105,33.4162420766243,53.711581007376004,19.641837735583803,45.491466547562,19.244404976751095,44.000730603952206,39.188464905535795
466,62.9231204349936,71.7980206090786,70.3646197092856,72.0699819480131,69.2875480425516,60.876001353804206,75.4204671365023,62.5554715671671,71.88587326111741,67.09535846516721,68.4915081164866
467,70.8259919031692,89.12880363922008,91.6637399113908,93.71218486937009,86.4413202673411,62.1430010184451,90.28736936752048,70.7129834747634,84.5344530226037,85.9513582672126,88.15167143093831
468,63.34661989085279,61.1553576496268,60.3291878279643,60.6922324109589,61.1890573669765,61.34554898052961,63.2759429028517,59.157357214037,63.668213112447006,60.2876756782187,60.5885388619477
469,68.0750061760661,75.0101002134279,74.06240131166109,76.1914363952098,73.91741872731849,61.5880039413614,78.2328699442877,63.9706722205542,73.13588910636929,69.84417367453779,71.5584334357863
470,48.80406287930101,57.18586500903971,57.081234428898,57.100002410021,55.996412767235206,20.437850295517105,55.6384403062578,56.7828897326371,57.38872131825721,58.30902340309729,58.1553180948714
471,72.2152615235437,62.933121430347,64.5654403694427,64.4802003210648,68.5934744898409,69.2859064447436,68.2060929775544,65.0481859370854,62.259367937030405,63.0656545257944,63.9059346419441
472,76.4536543894677,69.5106701658566,74.19976214114371,73.9395021323503,72.5494198493803,90.0556407950976,76.08775086204419,77.78088439901101,66.8798580406881,69.95593517009789,71.7191056613674
473,65.6866049334228,74.7805518899237,82.5289976512433,82.21189133003571,61.8934578288861,87.8530422328733,81.12635349319069,73.71374921123571,74.0779192879114,76.8300056632286,79.1190219994515
474,71.17838481912729,66.22870056318729,68.2616436443608,68.1108696229113,58.333069746209404,83.9969960354942,76.0314585275933,69.8290650497728,62.752827038363506,65.6809127110054,66.8612516256308
475,95.4577532779612,87.7462348224128,96.3322422894535,96.07644348708908,82.41824077073609,87.09948913716188,94.90807500928568,84.33365046600339,73.37712868498748,92.40435889117201,93.8240142538212
476,80.6015645408193,72.80780384606109,77.9811176610193,77.7341806017885,77.75655126745491,88.3236675097409,84.6011448420899,77.01231696935298,65.9355624225461,72.9254386714041,75.0422145554266
477,86.72254284286319,83.2823153286373,92.34554383693228,92.074074563,82.85292804800788,93.3574601836268,94.09966656468187,91.49378493275948,70.67420155371451,86.89371917813021,88.98919683832109
478,68.548454073198,63.85818412252271,63.991224901769506,63.9298173845864,64.2078691258095,68.5831824385117,70.5501067840415,61.790566151294406,66.2920045282392,62.700418588306,63.4641999614353
479,68.3261864209761,71.3699069843185,71.37580993510642,73.1702185614632,65.8680394158931,71.3970221665834,76.40237034360018,65.522796886381,77.32917963251342,67.8305172205526,69.35325945899939
480,66.8716212534378,77.37158906005358,79.02236470495181,81.46310558960391,86.22927181057878,62.0801876614608,80.97406713171229,68.98587722982329,77.5204140653499,73.78410728242898,75.9051108770589
481,62.9231204349936,88.99928749658409,94.5889169614242,94.2893374834067,74.0385260467664,61.3156286613101,89.24680290679018,78.2814864393209,81.076655954128,89.82102060313497,91.58795157416068
482,62.9231204349936,59.7531004401467,59.547786775308,59.5298193906507,60.7564277715445,60.4982212810895,60.895249205373204,59.139692235118,61.5730397277096,59.783167432225106,59.968477326559494
483,71.0625533597815,96.02440715580187,98.4918933281732,99.02890057206223,93.44446015873748,61.733460415351,94.04852062173187,79.20185427891101,89.17007195027858,96.25543864694187,97.04266775385008
484,66.24737320172089,80.88963858511559,82.2176634903119,84.7927579372958,80.3483681127329,61.0166013749864,81.5057417187287,68.0941802265999,78.56188688363788,76.5281779438806,78.8111568638043
485,62.9231204349936,32.3149364182049,36.9708914435856,32.2782019670436,18.9223324250971,59.226981740920706,31.78227284245269,47.6414314264353,24.2319915365654,47.964498255934494,44.3203006940257
486,49.880321475056704,49.0078312571915,50.6689533766734,50.5272118272305,25.617759631458398,,45.6710411919176,55.2649850186382,28.153952510680895,54.977224697297004,53.812687920705606
487,62.9231204349936,66.0202442675914,65.9941937854111,65.9261244885737,66.000154553638,,67.5413807710168,61.4546696745584,72.1331564429057,64.1005448175258,65.0348561500848
488,62.9231204349936,58.59908514628471,58.5040617237314,58.512217990771504,59.051092526443206,60.3135169430653,58.80699681938311,58.36555343500339,60.228216077178296,59.1645925404539,59.2132264044165
489,50.485958862976105,52.2530170192754,53.859333341249894,53.852982836916,34.6073404527131,,51.195306359250296,55.89923897731871,39.407614151009,56.55400418343061,55.93343387178061
490,72.8512699685158,87.48399222458029,95.981590183663,95.69998113903259,82.94470600351279,,89.8008090099392,72.1095771227085,85.34249105872021,91.67859497934928,93.12721121379592
491,68.34087959583421,77.735233023342,77.57797160958718,79.92314609289491,88.97851706659357,61.035583341248,79.43503907346148,65.24543013330421,77.73611527443809,72.6013283500212,74.6447406193354
492,62.9231204349936,71.0494089511228,69.6871257731712,71.3202727473015,68.96707563011029,60.71068565102671,72.6611235915568,62.4811203708626,73.99078031020181,66.6449894701451,67.9698419258818
493,62.9231204349936,57.534902507487296,57.72967610339521,57.6573507796494,51.4915433110479,60.2284777886173,57.31347504432421,58.003011631357005,52.58749778616139,58.704811029567395,58.6471658419908
494,62.9231204349936,84.0479456065127,86.8354069549059,89.3363126944432,91.02743904255959,61.1702533397713,85.2459144385905,67.8702772895008,78.7990818454655,80.72548072094051,83.08511433419508
495,62.9231204349936,71.12435831667369,70.43473622823548,72.14350450798159,61.8395956919594,60.7732977136639,73.7552627043389,62.574393191176206,74.16300836712837,67.1354677689106,68.5492274037138
496,80.90467879941139,95.23582939301508,98.1370754378788,98.84023144798708,83.66842455653348,61.5383957655685,93.75294775799549,75.24290794112571,87.2403583600595,95.5926591280617,96.47753421215748
497,75.8517912049002,90.2345913800303,97.65424869699949,97.48949320033388,86.10245376379837,,91.17577811893841,73.3708408865924,86.6967285723614,94.62891411212749,95.5607479120183
498,62.9231204349936,87.32725122901539,95.86648081406089,95.60069132388941,92.52679769459829,,90.83536906077963,72.6851861195337,85.92584753775698,91.5084593912817,92.98564770689029
499,51.4667505397492,58.1220171512702,58.094523705239105,58.0668671521596,56.8931372766101,,58.065879554830104,58.1439412381293,58.1195171426908,58.8977953534019,58.8878142234825
500,63.130478154798205,62.0241468857323,62.130362195664205,62.08721870455529,59.631838623423796,,64.4740094912739,59.4992476012819,66.4037779568245,61.42450724654739,61.969234550578605
501,62.9231204349936,79.91364411648709,85.7846027525549,85.36238659086891,75.9854952489393,,82.4450153294543,66.5194350345615,84.7797427055457,79.6811983760097,81.9862177564323
502,62.9231204349936,70.0911836997096,70.1788529760535,69.9861497726051,64.95080395175839,,73.79151761637459,62.256155900963,72.2400743192467,66.9675046337782,68.3296955623917
503,70.0305754981487,74.7112563939297,76.0102381836984,75.8076022183107,81.8802758105665,60.674463095952504,78.40376087230462,64.0778376456127,74.9309108906869,71.2996154479268,73.20785600278771
504,76.2541728040406,74.6751911389764,75.96533527057757,75.7643761066223,85.2919593916887,,78.5447072465393,64.2974109190605,74.8554957226783,71.2687720109485,73.1707757935466
505,75.004609985136,89.72742479930479,94.61978260757229,94.3153297348463,79.25029114670758,,89.8906560852557,71.6040649596857,85.0170955863826,89.82880850741378,91.54972731592122
506,66.18996964180822,81.7769369651775,91.61910864010203,91.3493100701423,84.08090274266398,,85.0454109525467,68.3329723654355,84.17867399383229,85.8095839328494,87.9983549133477
507,77.13943323574809,70.95263647223902,80.6427676833231,80.25576922968462,70.4233009180618,,78.3845325561653,65.649676579125,67.5290286387709,75.0138672535392,77.0663922296713
508,63.207908771785796,62.79836756978229,64.3857945711846,64.2930442816277,67.203429429854,,65.7959300076366,60.07703911198399,70.0505263394854,62.9146130845045,63.711051630829
509,65.76438583794271,60.030306509088604,62.1633506724256,63.2951392011191,60.0618753551923,,61.036211737344395,58.9599051012846,59.5341693476264,62.1271678794521,62.688790833934
510,47.8201384308281,55.0163924870211,51.5405306762514,48.6727041985538,54.257848521786606,60.2270995570513,54.0726376592047,56.713303849142896,54.1331413704813,54.3020209303113,53.1158904614071
511,68.6378874494879,60.1397851794808,62.595121858419105,63.834499149854096,58.1905169719918,,61.683610776810205,59.275553190442295,59.3404060765991,62.49255976725121,63.069575606467
512,64.95523078396829,59.3515735691522,60.819711697164,61.592079363194706,57.627788238836004,,59.9283766564218,58.703396461691106,58.869029418366395,61.03262519873079,61.409800791212504
513,65.1365742431742,63.2369816299848,65.9140332258814,67.9066769760484,63.9279505774286,67.7929992120097,69.8535842624525,73.6904500600918,68.8183870480414,65.3847804334187,66.3562621969691
514,69.10920161081529,62.778565154612,65.2135945487125,67.04214468147009,57.7609909220467,,65.5900069728864,61.630439934129804,61.9677174400407,64.7874981847523,65.6949646711003
515,49.4582865808212,56.7375239761645,56.3324608833856,55.709393177909,57.0965486878275,60.281551038048,56.245300499479505,57.534998830942,57.3660056748044,57.5729180944349,57.2670006324483
516,72.19505368273809,60.9722241043895,62.29323936985251,63.4494756634299,58.9981470713443,68.5069947949498,64.1491524069104,65.6572627888347,64.127993393693,62.303197335123606,62.8977282854671
517,73.1560143293148,76.62451304733679,86.8145475450873,86.44325980625109,75.6240753815244,85.0321245603254,98.34825130397051,86.8317103029307,71.8557232297052,80.72357180232731,82.9478411660534
518,66.591989368624,59.1649705693148,59.4735459345804,59.47059689817039,59.5530370771454,80.29379571878019,65.2821868497597,60.30235539373079,59.303879531672706,59.7455437221996,59.912157561602896
519,47.543283542648496,52.805045355268405,51.6012433878956,51.5186371372585,57.065693005686796,22.3893314394981,37.275876113476095,33.7666764074445,51.282316075067996,55.4248033289085,54.4750026890577
